Unnamed: 0,0,1,2,3,4,5,6,7,8,9
1992_4,318.66,718.3,185.71,295.35,214.89,203.42,331.33,237.83,253.43,430.14
1992_5,317.69,715.12,185.09,294.45,213.94,202.17,330.89,237.04,252.38,429.09
1992_6,316.84,712.16,184.5,294.14,213.03,201.05,330.45,236.22,251.28,428.18
1992_7,315.67,708.7,183.78,292.94,211.96,199.71,329.72,235.22,249.91,426.98
1992_8,314.57,705.32,183.06,292.23,210.9,198.4,329.06,234.25,248.56,425.8
1992_9,313.39,701.8,182.33,291.43,209.79,197.11,328.32,233.21,247.16,424.53
1992_10,312.16,697.99,181.53,290.59,208.62,195.7,327.48,232.11,245.68,423.08
1992_11,310.8,693.22,180.69,289.53,207.44,194.28,326.55,230.99,244.22,421.52
1992_12,309.09,689.79,179.6,288.24,205.96,192.51,325.37,229.63,242.47,419.65
1993_1,305.86,677.78,178.6,284.93,204.85,192.71,320.91,227.8,241.04,413.14
1993_2,302.92,666.3,177.68,281.47,203.75,193.01,316.63,226.1,239.73,407.03
1993_3,299.89,655.12,176.87,278.28,202.77,193.37,312.4,224.46,238.45,400.83
1993_4,296.75,643.47,176.03,274.95,201.77,193.69,308.0,222.75,237.32,394.41
1993_5,293.36,631.37,175.04,271.59,200.68,193.87,303.38,220.96,236.02,387.74
1993_6,289.98,619.13,174.1,267.83,199.58,194.11,298.74,219.14,234.64,380.96
1993_7,286.61,607.3,173.19,264.35,198.5,194.38,294.06,217.36,233.33,374.36
1993_8,283.09,594.89,172.32,260.81,197.42,194.71,289.22,215.45,231.82,367.27
1993_9,279.58,582.51,171.38,256.84,196.28,194.9,284.31,213.56,230.45,360.35
1993_10,275.82,569.79,170.38,252.97,195.14,195.11,279.18,211.57,229.13,353.1
1993_11,272.02,556.87,169.32,248.96,193.9,195.25,273.96,209.53,227.6,345.74
1993_12,268.02,543.78,168.32,244.89,192.69,195.39,268.61,207.47,226.08,338.18
1994_1,270.63,547.71,167.4,246.77,193.01,195.82,271.12,208.27,226.46,341.3
1994_2,273.24,551.78,166.59,248.65,193.35,196.23,273.62,209.07,226.84,344.35
1994_3,275.82,555.79,165.7,250.58,193.73,196.57,276.06,209.87,227.18,347.41
1994_4,278.25,559.45,164.71,252.33,193.96,196.82,278.38,210.54,227.42,350.26
1994_5,280.53,562.8,163.66,253.95,194.16,196.97,280.58,211.15,227.56,352.97
1994_6,282.84,566.0,162.54,255.58,194.32,197.09,282.74,211.75,227.76,355.63
1994_7,284.96,569.07,161.44,257.09,194.46,197.13,284.8,212.3,227.82,358.12
1994_8,287.09,572.09,160.24,258.58,194.56,197.11,286.91,212.79,227.88,360.64
1994_9,289.15,575.07,158.98,259.96,194.65,196.95,288.73,213.31,227.9,363.02
1994_10,291.05,577.63,157.64,261.3,194.67,196.8,290.43,213.58,227.79,365.23
1994_11,292.87,579.66,156.22,262.57,194.61,196.47,292.24,213.96,227.76,367.15
1994_12,294.54,581.75,154.63,263.62,194.45,195.98,293.78,214.2,227.52,369.06
1995_1,299.53,589.05,157.01,267.36,196.53,201.11,298.1,216.75,229.96,374.33
1995_2,304.67,596.75,159.25,271.22,198.66,206.16,302.49,219.35,232.3,379.86
1995_3,309.74,604.27,161.55,275.14,200.82,211.19,306.91,221.95,234.77,385.17
1995_4,314.74,611.4,163.72,279.03,202.95,216.08,311.23,224.52,237.15,390.29
1995_5,319.53,618.56,165.82,282.53,205.0,220.83,315.48,227.03,239.62,395.47
1995_6,324.44,625.58,167.9,286.24,207.08,225.61,319.75,229.58,241.88,400.63
1995_7,329.33,632.69,169.99,289.98,209.15,230.39,324.02,232.11,244.3,405.81
1995_8,334.29,640.06,172.03,293.73,211.23,235.1,328.37,234.66,246.65,411.1
1995_9,339.14,647.05,174.05,297.44,213.32,239.77,332.6,237.19,249.05,416.17
1995_10,344.05,654.11,176.02,301.24,215.39,244.47,336.86,239.7,251.36,421.34
1995_11,348.78,660.76,177.95,304.8,217.41,249.01,340.98,242.14,253.66,426.3
1995_12,353.56,667.46,179.86,308.33,219.38,253.51,345.13,244.62,255.89,431.22
1996_1,357.6,675.39,180.42,312.67,222.06,254.32,350.3,247.82,258.35,437.29
1996_2,361.75,683.28,181.0,317.04,224.74,255.13,355.35,250.96,261.16,443.31
1996_3,365.8,691.05,181.65,321.52,227.42,255.98,360.49,254.13,264.43,449.31
1996_4,369.71,698.71,182.04,325.46,229.96,256.57,365.42,257.2,267.45,455.11
1996_5,373.73,706.33,182.55,329.75,232.55,257.37,370.41,260.29,270.43,460.91
1996_6,377.55,713.41,183.01,333.68,235.07,257.99,375.2,263.31,273.4,466.54
1996_7,381.54,720.55,183.51,337.85,237.61,258.71,380.1,266.35,276.3,472.22
1996_8,385.29,727.72,183.98,341.91,240.14,259.41,384.89,269.34,279.21,477.77
1996_9,389.1,734.83,184.42,345.91,242.67,260.05,389.71,272.35,282.07,483.32
1996_10,393.05,741.93,184.86,350.03,245.19,260.82,394.46,275.28,284.97,488.98
1996_11,396.76,748.59,185.2,353.97,247.63,261.38,399.12,278.21,287.73,494.36
1996_12,400.3,755.16,185.59,357.72,250.0,261.95,403.7,281.04,290.55,499.59
1997_1,401.24,755.28,187.19,359.52,251.97,262.69,405.12,282.91,292.46,500.6
1997_2,402.58,755.65,188.53,361.48,254.06,263.36,407.26,285.12,294.75,501.89
1997_3,403.53,756.4,189.67,362.46,255.68,263.77,408.19,286.49,296.91,503.16
1997_4,404.49,756.36,190.95,363.94,257.58,264.25,409.56,288.3,299.25,504.0
1997_5,405.39,757.0,192.21,365.23,259.33,264.71,410.94,289.98,301.21,505.31
1997_6,406.26,757.02,193.52,366.62,261.09,265.23,412.26,291.67,303.26,506.26
1997_7,407.28,757.48,194.86,368.11,262.91,265.81,413.7,293.39,305.29,507.43
1997_8,408.19,757.73,196.17,369.56,264.71,266.28,415.06,295.1,307.31,508.49
1997_9,409.22,758.12,197.45,371.0,266.49,266.86,416.46,296.77,309.33,509.67
1997_10,410.12,758.42,198.68,372.35,268.23,267.31,417.78,298.44,311.37,510.64
1997_11,410.89,758.37,199.86,373.63,269.86,267.77,419.0,300.01,313.23,511.51
1997_12,411.78,758.57,201.1,374.99,271.54,268.24,420.34,301.64,315.19,512.52
1998_1,411.53,756.54,202.32,376.81,277.15,268.09,421.0,306.18,321.64,512.0
1998_2,411.36,754.65,203.54,378.68,282.64,268.02,421.71,310.63,328.0,511.52
1998_3,411.12,752.65,204.69,380.42,288.01,267.87,422.36,314.96,334.04,511.04
1998_4,410.59,750.52,205.78,381.83,293.18,267.59,422.77,319.1,340.04,510.34
1998_5,410.26,748.15,206.73,383.47,298.12,267.31,423.28,323.13,345.82,509.63
1998_6,409.93,746.11,207.72,385.0,303.02,267.09,423.8,327.09,351.45,509.01
1998_7,409.48,743.75,208.63,386.38,307.74,266.79,424.11,330.88,356.88,508.28
1998_8,409.04,741.57,209.54,387.71,312.34,266.48,424.48,334.55,362.13,507.53
1998_9,408.52,739.21,210.36,388.94,316.81,266.13,424.74,338.07,367.23,506.67
1998_10,407.94,736.66,211.04,390.08,321.11,265.71,424.87,341.45,372.18,505.73
1998_11,407.31,734.04,211.7,391.11,325.24,265.28,424.97,344.71,376.96,504.77
1998_12,406.48,731.11,212.29,392.0,329.12,264.76,424.9,347.82,381.49,503.51
1999_1,404.6,726.3,212.18,390.79,329.26,263.9,423.26,347.6,381.64,500.92
1999_2,402.63,721.33,212.11,389.58,329.37,263.03,421.5,347.32,381.67,498.26
1999_3,400.52,716.43,211.93,388.39,329.45,261.92,419.69,347.01,381.79,495.55
1999_4,398.54,711.43,211.82,386.84,329.64,261.0,417.95,346.74,381.78,492.77
1999_5,396.43,706.44,211.68,385.69,329.68,260.1,415.95,346.37,381.88,490.03
1999_6,394.37,701.08,211.47,384.1,329.67,258.99,414.14,345.99,381.88,487.08
1999_7,392.24,695.45,211.34,382.8,329.75,258.04,412.26,345.68,381.92,484.2
1999_8,390.07,690.96,211.1,381.31,329.67,256.93,410.25,345.2,381.78,481.38
1999_9,388.04,685.9,210.94,379.97,329.76,255.98,408.38,344.86,381.86,478.55
1999_10,385.84,680.73,210.72,378.47,329.75,254.89,406.36,344.39,381.79,475.62
1999_11,383.6,675.66,210.5,376.97,329.71,253.78,404.35,343.94,381.7,472.65
1999_12,381.36,670.34,210.22,375.47,329.58,252.74,402.31,343.43,381.52,469.67
2000_1,381.53,668.99,210.85,375.83,330.46,253.19,402.46,344.2,382.48,469.39
2000_2,381.78,667.95,211.47,376.26,331.45,253.62,402.67,345.02,383.64,469.22
2000_3,381.96,666.68,212.08,376.59,332.4,253.96,402.83,345.75,384.57,468.99
2000_4,382.01,665.33,212.65,376.88,333.28,254.23,402.89,346.44,385.65,468.59
2000_5,381.85,663.42,213.1,376.88,333.99,254.42,402.71,346.98,386.36,467.9
2000_6,381.7,661.66,213.55,376.97,334.64,254.62,402.54,347.49,387.12,467.27
2000_7,381.64,660.01,214.02,377.08,335.37,254.84,402.38,348.04,387.95,466.75
2000_8,381.55,658.39,214.47,377.17,336.07,255.04,402.23,348.54,388.66,466.16
2000_9,381.31,656.49,214.86,377.14,336.69,255.18,401.96,348.94,389.32,465.41
2000_10,381.02,654.5,215.17,377.02,337.24,255.21,401.67,349.33,389.93,464.61
2000_11,380.75,652.47,215.48,376.94,337.71,255.34,401.32,349.66,390.5,463.83
2000_12,380.32,650.27,215.76,376.68,338.18,255.33,400.86,349.93,390.99,462.84
2001_1,379.75,648.35,215.5,376.39,337.9,254.53,400.67,349.85,390.88,462.28
2001_2,379.21,646.24,215.23,376.16,337.68,253.68,400.44,349.59,390.57,461.62
2001_3,378.77,644.37,215.02,376.02,337.54,252.82,400.3,349.4,390.4,461.11
2001_4,378.24,642.28,214.75,375.71,337.32,251.89,400.05,349.16,390.11,460.45
2001_5,377.54,639.98,214.4,375.41,336.98,250.94,399.73,348.85,389.75,459.61
2001_6,376.88,637.81,214.06,375.05,336.64,249.97,399.41,348.53,389.41,458.85
2001_7,376.2,635.63,213.71,374.66,336.29,248.98,399.05,348.21,389.01,458.1
2001_8,375.49,633.42,213.38,374.27,335.96,247.99,398.69,347.84,388.6,457.27
2001_9,374.88,631.17,212.99,373.92,335.6,247.0,398.3,347.46,388.15,456.47
2001_10,374.13,629.08,212.62,373.47,335.2,245.99,397.88,347.05,387.72,455.64
2001_11,373.27,626.58,212.12,372.92,334.69,244.83,397.35,346.55,387.18,454.68
2001_12,372.42,624.19,211.74,372.38,334.12,243.8,396.76,345.97,386.42,453.68
2002_1,372.66,622.77,211.66,372.59,334.52,244.21,396.94,346.38,386.82,453.42
2002_2,373.14,621.84,211.74,373.1,335.25,244.81,397.3,347.02,387.91,453.45
2002_3,373.46,620.73,211.78,373.41,335.83,245.22,397.53,347.49,388.47,453.39
2002_4,373.74,619.56,211.83,373.73,336.44,245.67,397.74,347.97,389.25,453.17
2002_5,373.8,618.1,211.76,373.84,336.91,245.99,397.78,348.36,389.69,452.77
2002_6,373.87,616.49,211.66,373.98,337.28,246.31,397.8,348.7,390.18,452.28
2002_7,373.78,614.98,211.59,374.11,337.69,246.63,397.83,349.02,390.57,451.8
2002_8,374.12,613.79,211.54,374.3,338.16,247.03,397.87,349.38,391.14,451.71
2002_9,374.2,612.22,211.39,374.39,338.49,247.31,397.85,349.61,391.57,451.25
2002_10,374.24,610.66,211.2,374.39,338.82,247.57,397.74,349.84,391.93,450.81
2002_11,374.09,608.89,210.95,374.29,339.02,247.77,397.54,349.96,392.21,450.14
2002_12,373.87,606.99,210.69,374.16,339.03,247.9,397.26,349.9,392.1,449.4
2003_1,376.65,610.65,211.67,376.93,341.13,249.39,400.43,352.3,394.69,453.01
2003_2,380.3,615.58,212.97,380.5,343.81,251.31,404.37,355.22,397.71,457.1
2003_3,383.33,619.83,214.06,383.53,346.07,252.89,407.84,357.75,400.33,460.89
2003_4,386.46,624.01,215.17,386.63,348.43,254.48,411.37,360.29,403.15,464.64
2003_5,389.54,628.02,216.22,389.7,350.65,256.1,414.76,362.77,405.69,468.36
2003_6,392.73,632.35,217.3,392.87,352.83,257.77,418.31,365.25,408.21,472.19
2003_7,395.61,636.22,218.39,395.82,355.13,259.28,421.62,367.78,410.82,475.7
2003_8,398.72,640.37,219.48,398.94,357.43,260.87,425.1,370.29,413.42,479.41
2003_9,401.8,644.42,220.45,401.98,359.65,262.47,428.56,372.74,416.02,483.15
2003_10,404.76,648.44,221.44,404.92,361.84,264.02,431.91,375.15,418.55,486.78
2003_11,407.7,651.92,222.25,407.65,363.67,265.39,435.0,377.25,420.73,490.36
2003_12,410.28,655.44,223.17,410.46,365.75,266.81,438.19,379.61,423.09,493.41
2004_1,414.33,660.01,225.4,414.14,369.05,270.23,441.97,383.01,427.08,497.45
2004_2,417.98,663.89,227.49,417.47,372.13,273.47,445.39,386.13,430.55,501.02
2004_3,421.65,667.72,229.57,420.81,375.22,276.61,448.8,389.23,434.12,504.56
2004_4,425.13,671.4,231.58,423.97,378.23,279.68,452.12,392.31,437.66,507.88
2004_5,428.62,674.96,233.58,427.15,381.19,282.8,455.41,395.34,441.05,511.23
2004_6,432.1,678.42,235.58,430.31,384.13,285.89,458.64,398.34,444.51,514.54
2004_7,435.61,682.05,237.61,433.5,387.09,289.02,461.93,401.37,447.91,517.94
2004_8,439.18,685.73,239.65,436.7,390.11,292.13,465.27,404.43,451.37,521.32
2004_9,442.78,689.46,241.62,439.98,393.06,295.28,468.56,407.44,454.81,524.78
2004_10,446.19,692.96,243.57,443.08,396.04,298.32,471.78,410.42,458.2,528.07
2004_11,449.64,696.46,245.5,446.16,398.92,301.38,474.99,413.37,461.58,531.32
2004_12,453.01,699.81,247.43,449.25,401.65,304.44,478.16,416.25,464.9,534.55
2005_1,457.77,705.56,249.95,453.56,404.85,307.85,482.94,419.6,468.22,539.93
2005_2,462.64,712.26,252.5,457.89,408.17,311.1,488.04,423.56,472.29,545.39
2005_3,467.51,718.7,255.39,462.72,411.76,314.66,493.11,427.32,476.48,550.89
2005_4,472.29,725.02,258.08,467.21,415.13,318.05,498.12,431.02,480.45,556.35
2005_5,477.07,731.33,260.71,471.58,418.44,321.41,503.05,434.64,484.43,561.7
2005_6,481.78,737.21,263.25,476.02,421.59,324.73,507.9,438.17,487.96,567.01
2005_7,486.56,743.4,265.94,480.47,424.92,328.12,512.8,441.82,491.7,572.35
2005_8,491.38,749.67,268.59,484.96,428.23,331.5,517.82,445.49,495.44,577.79
2005_9,496.09,755.72,271.13,489.35,431.5,334.81,522.69,449.04,499.23,583.14
2005_10,500.9,761.91,273.7,493.8,434.77,338.17,527.62,452.63,503.08,588.48
2005_11,505.52,767.82,276.22,498.08,437.91,341.46,532.41,456.14,506.8,593.72
2005_12,510.15,773.58,278.66,502.34,440.85,344.77,537.17,459.56,509.96,598.83
2006_1,519.1,787.71,280.79,510.31,443.29,347.84,547.39,463.54,512.86,610.82
2006_2,528.28,802.09,283.2,518.5,446.16,350.94,557.77,468.07,516.04,622.97
2006_3,537.12,816.22,285.59,526.45,448.75,353.93,567.87,472.18,519.26,634.81
2006_4,545.92,829.84,287.65,534.23,451.2,356.94,577.86,476.26,522.29,646.28
2006_5,554.51,843.27,289.77,541.87,453.48,359.73,587.66,480.12,524.87,657.79
2006_6,563.3,856.93,291.94,549.66,455.9,362.69,597.55,484.09,527.53,669.4
2006_7,571.89,870.21,294.02,557.22,458.11,365.52,607.27,487.92,530.24,680.79
2006_8,580.55,883.66,296.19,564.9,460.46,368.44,617.14,491.79,532.77,692.24
2006_9,589.1,896.83,298.17,572.39,462.63,371.2,626.78,495.55,535.45,703.55
2006_10,597.55,909.7,300.15,579.84,464.75,373.99,636.29,499.18,537.8,714.63
2006_11,605.82,922.48,302.01,587.05,466.76,376.66,645.75,502.79,540.25,725.65
2006_12,614.14,935.01,304.0,594.36,468.79,379.37,655.2,506.31,541.93,736.58
2007_1,623.16,946.19,307.76,603.52,474.78,384.84,665.46,513.45,548.59,748.08
2007_2,631.11,957.9,310.89,611.71,480.35,389.7,674.81,519.79,555.02,756.92
2007_3,639.72,969.6,313.42,618.59,485.1,393.95,682.81,524.99,561.33,766.9
2007_4,648.5,981.35,316.64,626.77,490.68,398.84,692.11,531.33,568.3,777.13
2007_5,656.74,992.45,319.71,634.69,496.07,403.55,701.18,537.45,574.31,786.96
2007_6,665.09,1003.55,322.77,642.49,501.39,408.28,710.18,543.59,580.74,796.89
2007_7,673.68,1014.92,325.94,650.71,506.9,413.18,719.38,549.84,586.57,806.95
2007_8,682.12,1026.15,329.04,658.58,512.37,417.93,728.5,556.09,593.55,816.88
2007_9,690.77,1037.88,332.16,666.74,517.92,422.78,737.82,562.34,600.07,827.13
2007_10,699.21,1048.93,335.2,674.71,523.37,427.6,746.92,568.46,605.57,837.0
2007_11,707.41,1059.78,338.06,682.44,528.44,432.21,755.65,574.28,611.48,846.71
2007_12,715.69,1070.59,341.13,690.32,533.89,436.96,764.62,580.34,617.7,856.27
2008_1,723.82,1080.12,346.07,698.7,542.54,443.42,773.12,589.18,628.02,864.95
2008_2,731.83,1089.44,352.09,707.38,552.32,450.13,781.56,598.18,638.24,873.46
2008_3,739.85,1098.85,356.61,715.67,560.71,456.21,789.9,606.77,648.87,882.0
2008_4,747.59,1107.8,361.72,723.83,569.55,462.48,798.11,615.39,659.06,890.15
2008_5,755.23,1116.56,366.68,731.81,578.22,468.64,806.15,623.96,669.18,898.24
2008_6,762.72,1125.07,371.7,739.79,586.95,474.79,814.14,632.48,679.17,906.11
2008_7,770.35,1133.8,376.73,747.82,595.65,480.97,822.05,641.0,689.29,914.14
2008_8,778.18,1142.85,381.8,756.09,604.49,487.22,830.27,649.6,699.49,922.47
2008_9,785.95,1151.49,386.7,764.31,613.19,493.51,838.31,658.07,709.53,930.52
2008_10,793.6,1160.33,391.75,772.43,621.95,499.67,846.38,666.57,719.44,938.53
2008_11,801.07,1168.75,396.62,780.05,630.57,505.74,854.27,674.92,728.51,946.32
2008_12,809.16,1176.96,402.12,789.29,639.73,512.47,863.52,684.51,739.11,955.82
2009_1,817.04,1181.98,401.92,791.81,639.16,523.27,866.36,684.23,739.43,959.14
2009_2,826.01,1187.77,402.53,796.02,639.67,534.68,871.4,685.72,739.69,964.72
2009_3,834.24,1192.51,402.83,799.48,639.72,545.48,875.8,686.73,740.3,969.65
2009_4,842.66,1197.83,403.3,803.63,639.95,556.28,880.31,687.78,740.57,974.96
2009_5,850.33,1202.13,403.54,806.75,639.91,566.46,884.4,688.68,740.55,979.44
2009_6,858.05,1206.55,403.87,809.94,639.9,576.52,888.51,689.57,740.64,983.96
2009_7,865.8,1210.96,404.22,813.39,639.94,586.51,892.63,690.48,740.55,988.65
2009_8,873.34,1215.59,404.6,816.88,640.09,596.31,896.86,691.5,740.38,993.34
2009_9,880.71,1219.87,404.82,820.23,640.0,605.85,900.75,692.2,740.35,997.87
2009_10,887.99,1223.89,405.07,823.3,639.94,615.22,904.63,692.81,740.18,1002.17
2009_11,895.19,1228.21,405.45,826.91,640.17,624.44,908.47,694.2,739.67,1006.7
2009_12,902.63,1232.0,406.03,830.6,640.13,634.22,913.47,695.21,739.46,1012.82
2010_1,908.1,1239.24,408.52,835.42,644.69,637.54,918.7,699.65,746.11,1017.5
2010_2,914.49,1246.54,411.89,841.73,650.16,641.96,925.39,705.3,752.24,1024.4
2010_3,921.15,1254.31,415.34,848.22,655.74,646.3,932.34,711.14,758.79,1031.7
2010_4,927.41,1261.64,418.75,854.49,661.25,650.58,939.05,716.79,765.1,1038.67
2010_5,933.44,1268.68,422.04,860.63,666.64,654.72,945.65,722.4,771.35,1045.43
2010_6,939.62,1275.6,425.25,866.61,671.86,658.89,952.07,727.86,777.27,1052.08
2010_7,945.81,1282.78,428.58,872.82,677.24,663.1,958.69,733.52,783.64,1058.93
2010_8,951.96,1289.86,431.93,878.92,682.63,667.31,965.19,739.1,789.61,1065.72
2010_9,958.33,1297.13,435.18,885.2,688.0,671.57,971.85,744.62,795.83,1072.53
2010_10,964.31,1303.78,438.28,891.2,693.27,675.51,978.2,750.07,801.88,1079.12
2010_11,970.33,1310.78,441.53,897.03,698.51,679.63,984.58,755.5,807.9,1085.76
2010_12,975.97,1317.2,444.56,902.7,703.44,683.49,990.77,760.8,813.84,1091.91
2011_1,980.97,1322.03,448.04,907.92,708.54,687.88,996.19,765.9,807.61,1097.05
2011_2,986.43,1327.77,451.59,913.33,713.89,692.25,1001.75,771.06,813.58,1102.73
2011_3,991.73,1333.16,455.05,918.72,718.98,696.45,1007.34,776.25,819.6,1108.22
2011_4,996.58,1338.13,458.47,923.62,724.01,700.52,1012.51,781.17,825.36,1113.24
2011_5,1001.26,1342.8,461.81,928.43,729.01,704.51,1017.66,786.19,831.05,1118.19
2011_6,1006.24,1347.56,465.17,933.39,733.96,708.62,1022.8,791.19,836.5,1123.26
2011_7,1011.28,1352.55,468.58,938.5,739.02,712.77,1028.04,796.2,842.04,1128.47
2011_8,1016.46,1358.01,472.08,943.75,744.19,717.03,1033.47,801.3,848.18,1133.78
2011_9,1021.4,1362.84,475.46,948.81,749.21,721.19,1038.63,806.19,853.74,1138.96
2011_10,1026.14,1367.71,478.8,953.54,754.27,725.14,1043.7,811.12,859.43,1143.8
2011_11,1030.81,1372.11,482.05,958.37,759.03,729.11,1048.67,815.93,864.91,1148.55
2011_12,1035.5,1376.77,485.29,963.12,763.8,733.09,1053.66,820.76,870.11,1153.44
2012_1,1042.22,1387.25,487.9,970.65,768.55,733.72,1062.8,826.42,875.64,1163.18
2012_2,1049.39,1398.58,489.9,978.64,773.74,734.5,1072.3,832.32,881.51,1173.7
2012_3,1056.26,1409.39,492.27,986.26,778.53,735.05,1081.51,837.94,886.78,1183.66
2012_4,1062.82,1420.0,494.5,993.77,783.43,735.45,1090.41,843.58,892.51,1193.24
2012_5,1069.49,1430.35,496.77,1001.23,788.27,736.01,1099.49,849.19,898.12,1203.11
2012_6,1075.9,1440.5,498.93,1008.47,792.94,736.34,1108.28,854.69,903.24,1212.6
2012_7,1082.63,1450.97,501.23,1016.0,797.76,736.88,1117.34,860.28,908.65,1222.44
2012_8,1088.87,1461.02,503.41,1023.19,802.46,737.21,1125.98,865.74,914.05,1231.87
2012_9,1095.56,1471.53,505.66,1030.65,807.31,737.69,1135.02,871.29,919.47,1241.61
2012_10,1101.99,1481.43,507.68,1038.04,811.88,737.96,1143.71,876.62,924.69,1250.94
2012_11,1107.99,1491.34,509.71,1044.83,816.31,738.3,1152.29,881.85,929.74,1259.99
2012_12,1115.22,1501.33,512.74,1053.51,821.69,739.55,1162.56,888.53,934.4,1272.31
2013_1,1311.94,1809.73,515.39,1233.07,899.4,793.15,1384.44,994.74,1017.5,1533.08
2013_2,1306.96,1805.12,514.01,1231.76,903.15,789.98,1386.76,998.55,1031.91,1522.54
2013_3,1314.06,1814.62,517.0,1237.27,907.72,792.85,1393.0,1003.17,1035.55,1530.74
2013_4,1317.65,1816.39,518.32,1245.32,913.88,795.21,1399.37,1009.39,1041.54,1531.88
2013_5,1319.93,1819.57,519.3,1247.4,918.53,795.59,1404.84,1015.18,1043.36,1537.28
2013_6,1325.79,1828.18,521.36,1253.49,925.44,797.65,1411.36,1021.77,1051.29,1543.91
2013_7,1343.0,1847.77,529.37,1267.52,937.53,805.8,1420.69,1031.62,1068.95,1567.51
2013_8,1339.3,1840.68,526.19,1266.88,936.16,802.71,1425.35,1032.91,1065.94,1559.79
2013_9,1340.74,1844.69,528.5,1270.64,941.85,804.13,1429.2,1037.99,1073.02,1561.9
2013_10,1345.23,1847.4,529.69,1275.74,946.68,805.22,1435.2,1042.86,1081.18,1566.14
2013_11,1351.73,1849.25,532.46,1280.32,953.33,807.37,1440.25,1048.43,1088.23,1577.39
2013_12,1367.55,1866.7,534.97,1292.8,958.78,813.45,1448.54,1054.22,1092.49,1597.46
2014_1,1367.64,1877.65,535.81,1292.25,962.63,813.07,1453.43,1058.3,1101.3,1600.49
2014_2,1365.3,1871.52,537.51,1295.57,963.82,815.86,1458.7,1060.76,1100.21,1592.23
2014_3,1375.89,1885.19,539.07,1304.7,968.22,820.71,1467.8,1065.64,1104.62,1602.75
2014_4,1382.88,1890.34,540.99,1310.11,971.32,824.66,1473.67,1069.27,1107.97,1608.41
2014_5,1393.23,1895.63,542.29,1314.12,975.08,829.48,1478.28,1074.21,1109.7,1628.11
2014_6,1403.46,1913.69,548.93,1325.8,983.87,836.16,1489.36,1080.5,1121.3,1636.05
2014_7,1405.54,1915.51,547.08,1325.26,984.07,837.17,1491.15,1081.95,1115.51,1631.05
2014_8,1401.87,1908.92,546.68,1326.93,982.22,837.04,1495.16,1082.82,1120.95,1629.7
2014_9,1404.84,1908.97,547.78,1330.78,984.84,840.4,1500.26,1085.4,1123.43,1633.47
2014_10,1418.03,1917.09,550.16,1337.7,988.6,843.84,1506.14,1089.72,1126.29,1647.74
2014_11,1431.84,1942.11,556.31,1349.87,998.26,853.36,1517.5,1097.62,1137.81,1669.28
2014_12,1435.31,1946.02,554.46,1351.21,997.18,854.26,1520.99,1098.56,1132.86,1672.69
2015_1,1417.16,1921.98,551.07,1340.42,988.78,845.44,1512.42,1089.68,1128.01,1645.96
2015_2,1415.11,1921.64,549.37,1335.99,982.16,842.34,1508.44,1083.87,1121.44,1645.05
2015_3,1409.67,1910.6,547.0,1331.09,974.25,839.3,1503.01,1076.52,1110.67,1637.6
2015_4,1412.73,1906.75,546.69,1328.3,969.64,837.98,1496.98,1070.93,1102.01,1646.31
2015_5,1401.53,1896.84,546.77,1321.6,966.2,833.15,1492.93,1067.27,1102.15,1632.23
2015_6,1394.31,1884.65,543.44,1313.07,958.41,827.77,1486.99,1059.81,1093.38,1620.0
2015_7,1391.28,1887.16,541.28,1307.46,953.01,824.07,1481.84,1053.97,1085.55,1617.4
2015_8,1380.8,1870.34,536.36,1299.48,941.8,817.38,1476.08,1044.24,1071.36,1609.46
2015_9,1378.13,1865.01,533.04,1295.01,933.23,813.74,1470.55,1037.23,1062.87,1603.82
2015_10,1373.06,1855.6,530.6,1288.12,926.08,810.21,1463.23,1029.45,1054.28,1597.35
2015_11,1363.51,1841.08,527.64,1279.77,917.42,805.11,1454.83,1021.81,1046.89,1586.29
2015_12,1365.22,1833.27,526.83,1275.81,912.8,801.57,1449.93,1015.92,1037.95,1582.04
2016_1,1370.23,1851.45,528.88,1282.0,916.28,802.39,1455.12,1018.52,1025.2,1602.72
2016_2,1367.79,1848.88,525.08,1279.04,915.37,795.33,1455.78,1018.14,1028.53,1597.4
2016_3,1362.92,1839.89,522.54,1278.14,912.25,789.53,1457.6,1017.85,1027.2,1592.83
2016_4,1360.22,1845.58,522.74,1280.96,912.97,787.09,1459.93,1017.88,1027.36,1592.21
2016_5,1358.07,1841.76,520.62,1280.61,912.8,782.72,1461.76,1018.73,1028.31,1592.21
2016_6,1357.53,1854.56,521.93,1282.38,917.22,778.82,1464.32,1021.97,1033.94,1600.36
2016_7,1367.27,1861.6,523.26,1286.76,919.44,778.19,1468.07,1023.74,1034.11,1610.2
2016_8,1366.64,1850.1,522.13,1286.68,918.85,774.91,1468.92,1022.68,1033.51,1601.69
2016_9,1356.19,1841.35,517.44,1283.9,913.0,766.42,1468.6,1020.09,1026.97,1599.14
2016_10,1355.6,1843.42,517.39,1283.98,913.29,763.1,1469.57,1020.04,1027.3,1599.3
2016_11,1362.52,1850.42,516.05,1287.51,914.43,760.52,1472.0,1020.71,1025.74,1618.69
2016_12,1365.48,1860.59,516.83,1290.14,915.76,758.26,1474.94,1021.92,1025.7,1621.87
2017_1,1360.84,1855.25,515.52,1292.52,917.31,757.09,1481.71,1024.65,1029.72,1610.57
2017_2,1369.03,1867.98,518.52,1299.51,922.07,759.83,1489.56,1029.28,1035.78,1622.08
2017_3,1378.77,1882.39,520.73,1307.9,926.42,763.88,1499.38,1034.45,1039.95,1633.99
2017_4,1386.89,1891.91,523.09,1315.24,930.38,767.07,1507.86,1038.82,1043.36,1643.88
2017_5,1391.43,1897.82,524.12,1319.8,933.66,768.5,1515.23,1043.39,1047.35,1650.96
2017_6,1397.73,1905.42,526.18,1326.12,936.52,771.09,1523.16,1047.81,1049.94,1658.73
2017_7,1403.75,1913.81,528.24,1332.74,940.56,774.02,1531.34,1052.29,1054.11,1666.86
2017_8,1409.4,1920.41,529.77,1337.56,943.38,775.34,1538.49,1055.93,1057.78,1674.25
2017_9,1419.13,1934.03,532.56,1345.61,948.65,779.08,1547.35,1060.78,1062.15,1685.5
2017_10,1425.34,1942.51,534.23,1351.47,952.01,781.68,1554.67,1064.65,1066.05,1693.66
2017_11,1431.06,1950.57,536.17,1357.86,955.77,784.24,1562.92,1069.44,1069.9,1701.17
2017_12,1437.62,1958.67,538.44,1364.53,959.66,786.67,1571.56,1073.85,1073.61,1709.82
2018_1,1445.86,1969.08,540.87,1371.88,964.04,789.43,1581.42,1078.59,1076.13,1720.34
2018_2,1452.96,1979.4,541.05,1378.79,966.46,791.91,1590.65,1083.2,1080.26,1729.4
2018_3,1464.99,1997.99,543.95,1388.74,971.28,796.68,1601.6,1088.48,1085.54,1744.46
2018_4,1477.8,2009.76,545.6,1402.49,974.98,801.8,1618.18,1093.42,1088.58,1765.05
2018_5,1481.37,2019.21,546.65,1403.12,978.27,801.48,1620.79,1097.94,1092.32,1765.5
2018_6,1489.46,2027.96,547.9,1410.77,981.15,804.63,1631.47,1102.64,1094.91,1775.99
2018_7,1498.69,2041.01,549.4,1418.65,984.68,807.54,1641.3,1107.08,1098.08,1788.1
2018_8,1505.18,2052.12,550.79,1425.16,988.21,809.73,1650.97,1111.58,1102.25,1797.38
2018_9,1512.57,2061.65,552.34,1432.38,991.71,812.11,1660.35,1115.78,1105.68,1806.28
2018_10,1521.37,2072.65,553.68,1439.41,995.09,814.81,1668.84,1119.87,1109.51,1817.09
2018_11,1529.56,2082.58,554.81,1446.54,997.6,817.98,1677.97,1123.7,1111.94,1827.21
2018_12,1535.0,2092.17,555.9,1453.03,1000.84,819.63,1687.44,1128.05,1114.53,1835.47
2019_1,1537.08,2100.1,555.82,1454.39,1001.16,819.7,1691.11,1129.4,1114.09,1841.49
2019_2,1543.22,2099.99,557.22,1459.94,1004.28,822.79,1697.04,1132.09,1117.24,1845.03
2019_3,1547.53,2106.71,557.53,1463.13,1005.85,824.13,1701.58,1134.1,1120.43,1850.75
2019_4,1551.55,2111.88,558.15,1467.67,1008.25,825.89,1706.53,1137.02,1122.41,1856.74
2019_5,1555.3,2115.32,558.98,1470.82,1010.14,827.66,1710.27,1138.87,1122.32,1860.16
2019_6,1558.63,2121.14,559.1,1474.06,1011.3,828.38,1715.38,1141.65,1124.36,1866.89
2019_7,1562.13,2123.37,559.27,1477.21,1012.39,829.25,1720.75,1143.2,1124.96,1870.64
2019_8,1566.92,2130.32,560.75,1481.77,1015.41,831.92,1725.84,1145.89,1127.14,1876.27
2019_9,1569.07,2133.15,560.6,1483.43,1016.62,832.37,1729.3,1147.45,1128.85,1879.98
2019_10,1573.81,2139.83,561.36,1487.13,1018.57,834.62,1733.0,1149.18,1130.78,1885.7
2019_11,1578.03,2144.21,562.16,1491.53,1020.7,836.26,1737.85,1151.84,1133.31,1891.34
2019_12,1580.0,2147.7,562.65,1493.78,1021.88,837.01,1742.89,1153.43,1132.28,1894.01
2020_1,1579.57,2135.92,561.28,1488.21,1020.66,835.11,1736.9,1149.91,1130.26,1890.27
2020_2,1569.21,2130.07,558.7,1481.81,1014.7,832.84,1728.69,1144.86,1125.61,1878.99
2020_3,1565.13,2123.25,556.79,1476.77,1011.77,831.36,1722.73,1141.14,1121.58,1874.28
2020_4,1559.58,2114.73,555.13,1472.81,1008.56,829.68,1717.99,1137.0,1118.12,1867.36
2020_5,1553.29,2102.92,552.67,1465.49,1004.4,827.38,1709.65,1132.7,1112.5,1858.18
2020_6,1547.58,2093.1,550.52,1459.75,1000.62,824.99,1703.77,1128.55,1107.67,1850.86
2020_7,1544.04,2085.23,548.93,1454.95,997.77,823.5,1696.95,1124.59,1103.92,1845.67
2020_8,1536.8,2075.5,546.58,1448.15,993.55,820.8,1689.26,1119.56,1099.11,1836.44
2020_9,1529.72,2065.43,544.44,1441.73,989.76,818.15,1683.26,1115.11,1094.63,1827.71
2020_10,1523.91,2056.04,542.49,1435.39,986.01,816.3,1675.72,1110.12,1090.03,1819.98
2020_11,1517.28,2044.5,540.08,1429.04,981.82,813.68,1667.63,1104.99,1085.75,1811.35
2020_12,1511.88,2036.27,537.85,1423.55,977.66,811.56,1661.68,1100.69,1080.4,1803.73
2021_1,1523.19,2051.14,542.67,1435.11,986.28,817.23,1675.97,1110.37,1090.2,1817.62
2021_2,1537.38,2068.92,549.48,1448.3,995.1,824.75,1690.81,1119.48,1097.47,1835.01
2021_3,1553.17,2091.71,551.68,1462.11,1003.23,831.91,1708.2,1129.44,1107.47,1854.82
2021_4,1565.58,2107.8,556.07,1475.17,1011.21,839.03,1721.65,1138.36,1116.87,1869.73
2021_5,1578.88,2125.46,560.08,1485.96,1019.11,844.06,1737.07,1147.66,1124.51,1886.15
2021_6,1589.21,2138.52,563.83,1496.75,1025.72,849.62,1750.43,1155.73,1131.39,1899.58
2021_7,1602.28,2155.78,568.28,1508.81,1033.9,855.89,1765.16,1164.75,1139.49,1915.56
2021_8,1617.19,2174.32,572.58,1521.21,1041.87,862.56,1779.01,1173.11,1148.39,1932.69
2021_9,1626.29,2189.05,576.15,1531.1,1048.52,867.3,1792.4,1181.15,1155.01,1944.83
2021_10,1638.35,2203.41,579.74,1541.6,1055.27,873.31,1805.64,1188.89,1162.86,1958.99
2021_11,1648.74,2218.46,583.65,1552.2,1062.5,878.36,1819.01,1197.13,1170.82,1973.03
2021_12,1660.81,2233.22,587.62,1563.9,1069.96,884.61,1831.79,1205.16,1178.35,1987.01
