Region_temporal,log_gdp,log_ntl,dummy_vars_sum,log_gdp_hat,spi_error_std,cent_error_std,lambda,log_gdp_revised
BDI_2013_1,5.474304009137598,-2.779028436431367,5.478909204524547,5.4618349350974515,2.1895836509338094,1.4129899423872312,0.5,5.468069472117525
BDI_2013_2,5.475471021719887,-2.779028436431367,5.480293859637628,5.4632195902105325,2.1895836509338094,1.4129899423872312,0.5,5.469345305965209
BDI_2013_3,5.476636673971178,-3.1034989062320646,5.482426671668537,5.463358865165719,2.1895836509338094,1.4129899423872312,0.5,5.469997769568448
BDI_2013_4,5.477800969059125,-2.680580195696695,5.486976332955023,5.470506926639398,2.1895836509338094,1.4129899423872312,0.5,5.474153947849262
BDI_2013_5,5.47896391014033,-3.5514558076668807,5.491146700325521,5.469326659722987,2.1895836509338094,1.4129899423872312,0.5,5.474145284931659
BDI_2013_6,5.480125500360397,-3.4561387944335387,5.494777669927877,5.473543254266635,2.1895836509338094,1.4129899423872312,0.5,5.476834377313516
BDI_2013_7,5.481285742853979,-2.735874266792142,5.500260423383007,5.483451291911919,2.1895836509338094,1.4129899423872312,0.5,5.482368517382949
BDI_2013_8,5.482444640744832,-2.321531028546457,5.500811598937602,5.486548180202792,2.1895836509338094,1.4129899423872312,0.5,5.484496410473812
BDI_2013_9,5.4836021971458635,-2.4834937855490336,5.5032462441850685,5.487987731008631,2.1895836509338094,1.4129899423872312,0.5,5.485794964077247
BDI_2013_10,5.484758415159183,-3.432989260048369,5.503616898317053,5.482524712717951,2.1895836509338094,1.4129899423872312,0.5,5.483641563938567
BDI_2013_11,5.485913297876153,-2.806761837304286,5.507097028345841,5.489852365714982,2.1895836509338094,1.4129899423872312,0.5,5.4878828317955675
BDI_2013_12,5.487066848377439,-4.297110242784531,5.5119117801332775,5.4855104604917075,2.1895836509338094,1.4129899423872312,0.5,5.486288654434573
BDI_2014_1,5.492664564560797,-3.101953107963995,5.51269577145689,5.4936374622934165,2.1895836509338094,1.4129899423872312,0.5,5.493151013427107
BDI_2014_2,5.498231120662069,-3.478952831160697,5.513568214127196,5.492193629691611,2.1895836509338094,1.4129899423872312,0.5,5.49521237517684
BDI_2014_3,5.503766861671321,-2.8882721376938156,5.514195911600511,5.496450452068227,2.1895836509338094,1.4129899423872312,0.5,5.500108656869774
BDI_2014_4,5.509272126880788,-2.627599954664732,5.5164393569534855,5.500295459689094,2.1895836509338094,1.4129899423872312,0.5,5.5047837932849415
BDI_2014_5,5.5147472500096635,-3.69726664706493,5.520141615906362,5.497425717771521,2.1895836509338094,1.4129899423872312,0.5,5.506086483890592
BDI_2014_6,5.52019255932549,-3.5508780429906612,5.52294469968468,5.5011282088514175,2.1895836509338094,1.4129899423872312,0.5,5.510660384088453
BDI_2014_7,5.525608377762253,-3.4232080036536674,5.523603288831325,5.502571198985411,2.1895836509338094,1.4129899423872312,0.5,5.514089788373832
BDI_2014_8,5.530995023035311,-2.518677966374698,5.522091476642034,5.506616792887738,2.1895836509338094,1.4129899423872312,0.5,5.518805907961525
BDI_2014_9,5.536352807753235,-3.0599618117613216,5.523505705041717,5.50470538917387,2.1895836509338094,1.4129899423872312,0.5,5.520529098463553
BDI_2014_10,5.541682039526665,-5.4789152985641465,5.525587487476937,5.491925192140352,2.1895836509338094,1.4129899423872312,0.5,5.516803615833508
BDI_2014_11,5.546983021074295,-5.294969145474036,5.52884353966556,5.496311404113152,2.1895836509338094,1.4129899423872312,0.5,5.521647212593724
BDI_2014_12,5.552256050326052,-5.139659653504752,5.528039069379705,5.496461150803167,2.1895836509338094,1.4129899423872312,0.5,5.524358600564609
BDI_2015_1,5.562399290980978,-2.8801121027379804,5.5197762812909845,5.5020809567747895,2.1895836509338094,1.4129899423872312,0.49975,5.532255203461435
BDI_2015_2,5.572440678560682,-2.2395576635183296,5.511824247306706,5.498064470528915,2.1895836509338094,1.4129899423872312,0.4995,5.535289762648814
BDI_2015_3,5.5823822382558825,-2.415633630072354,5.505366988836235,5.490525406470143,2.1895836509338094,1.4129899423872312,0.49924999999999997,5.536522714986852
BDI_2015_4,5.592225935449731,-5.812593262589022,5.501844460239804,5.466132057252301,2.1895836509338094,1.4129899423872312,0.499,5.529305090229213
BDI_2015_5,5.601973678049836,-5.564656272107484,5.496270063271145,5.462080977901025,2.1895836509338094,1.4129899423872312,0.49875,5.532202193850617
BDI_2015_6,5.611627318707733,-5.3661408097091225,5.4891514851364915,5.456182072960788,2.1895836509338094,1.4129899423872312,0.4985,5.534137863702881
BDI_2015_7,5.621188656932231,-4.1200593219342885,5.481288025131491,5.455974501168901,2.1895836509338094,1.4129899423872312,0.49824999999999997,5.538870703823152
BDI_2015_8,5.630659441102697,-1.8197426648867907,5.472226991112529,5.461046545406778,2.1895836509338094,1.4129899423872312,0.498,5.546192219046129
BDI_2015_9,5.640041370387876,-2.4416507510291625,5.46334421436558,5.448342783569327,2.1895836509338094,1.4129899423872312,0.49775,5.544623398798944
BDI_2015_10,5.649336096575546,-2.5892934422975795,5.454494508689967,5.438585965517097,2.1895836509338094,1.4129899423872312,0.4975,5.544487906373967
BDI_2015_11,5.658545225817917,-4.523446355986262,5.446734868130721,5.418942946029952,2.1895836509338094,1.4129899423872312,0.49724999999999997,5.539402992193351
BDI_2015_12,5.6676703202973995,-5.517047812045639,5.440060768042848,5.406164187658805,2.1895836509338094,1.4129899423872312,0.497,5.537701772376018
BDI_2016_1,5.653956418153514,-5.099274271976117,5.4401683275663695,5.4088385355926745,2.1895836509338094,1.4129899423872312,0.49724999999999997,5.532071551050136
BDI_2016_2,5.640051826773975,-4.805494332840803,5.44052167027307,5.410996853652385,2.1895836509338094,1.4129899423872312,0.4975,5.526096977645984
BDI_2016_3,5.625951168296687,-3.931258094958644,5.43913759534732,5.414984060600849,2.1895836509338094,1.4129899423872312,0.49775,5.520942290441084
BDI_2016_4,5.611648834100132,-2.55924364429758,5.437128460536862,5.421404542443951,2.1895836509338094,1.4129899423872312,0.498,5.516907176855353
BDI_2016_5,5.597138971409319,-3.2385994288686373,5.437500723974011,5.417602863811792,2.1895836509338094,1.4129899423872312,0.49824999999999997,5.507685105798852
BDI_2016_6,5.582415468915606,-4.1825814101931815,5.439017961368378,5.413320303524291,2.1895836509338094,1.4129899423872312,0.4985,5.498121528968035
BDI_2016_7,5.567471941321968,-5.042435301174375,5.439100472562737,5.408119897563113,2.1895836509338094,1.4129899423872312,0.49875,5.4879951094972395
BDI_2016_8,5.552301712715903,-3.7115332738158195,5.4376751536474695,5.414871601775168,2.1895836509338094,1.4129899423872312,0.499,5.483724087356476
BDI_2016_9,5.536897798661609,-3.0271844564558217,5.435097974492211,5.416499041736627,2.1895836509338094,1.4129899423872312,0.49924999999999997,5.476788719266812
BDI_2016_10,5.521252886891179,-4.878995097865183,5.43294108084007,5.402964677668966,2.1895836509338094,1.4129899423872312,0.4995,5.462167926384684
BDI_2016_11,5.505359316461232,-4.107083238514813,5.433577176105278,5.408343376819667,2.1895836509338094,1.4129899423872312,0.49975,5.456875600625359
BDI_2016_12,5.489209055226224,-3.527971069134919,5.433165560784193,5.411489809728273,2.1895836509338094,1.4129899423872312,0.5,5.450349432477249
BDI_2017_1,5.4895773925374876,-3.163602772620174,5.435239309029979,5.415802226130104,2.1895836509338094,1.4129899423872312,0.5,5.452689809333796
BDI_2017_2,5.489945594226328,-2.5516520590647804,5.439522078445091,5.423844802829796,2.1895836509338094,1.4129899423872312,0.5,5.456895198528063
BDI_2017_3,5.490313660392584,-1.998636783488846,5.443705990332788,5.431426424394983,2.1895836509338094,1.4129899423872312,0.5,5.4608700423937835
BDI_2017_4,5.490681591135979,-1.7275813267802507,5.449228769108754,5.438614559968619,2.1895836509338094,1.4129899423872312,0.5,5.464648075552299
BDI_2017_5,5.4910493865561305,-2.840726256777725,5.455465327533126,5.4380119885024785,2.1895836509338094,1.4129899423872312,0.5,5.4645306875293045
BDI_2017_6,5.491417046752544,-2.978675288336894,5.462407914628414,5.444107020782863,2.1895836509338094,1.4129899423872312,0.5,5.467762033767704
BDI_2017_7,5.491784571824617,-2.8918800623554057,5.467173097650814,5.449405471134941,2.1895836509338094,1.4129899423872312,0.5,5.470595021479779
BDI_2017_8,5.492151961871634,-2.9398295081026835,5.471266890536205,5.453204664028178,2.1895836509338094,1.4129899423872312,0.5,5.472678312949906
BDI_2017_9,5.492519216992774,-2.2089941476128017,5.475131192185493,5.461559196755445,2.1895836509338094,1.4129899423872312,0.5,5.477039206874109
BDI_2017_10,5.492886337287103,-2.3164558930061734,5.478528244621278,5.4642960073707805,2.1895836509338094,1.4129899423872312,0.5,5.478591172328942
BDI_2017_11,5.493253322853582,-2.6257921285082686,5.484661339272899,5.468528549239534,2.1895836509338094,1.4129899423872312,0.5,5.480890936046558
BDI_2017_12,5.493620173791061,-2.4979005865347705,5.489897681024706,5.47455065288441,2.1895836509338094,1.4129899423872312,0.5,5.484085413337736
BDI_2018_1,5.489605678078267,-2.7553023937292114,5.4954174538736655,5.478488956558947,2.1895836509338094,1.4129899423872312,0.5,5.484047317318607
BDI_2018_2,5.485575001208643,-3.162834164164329,5.500431924010353,5.48099956341835,2.1895836509338094,1.4129899423872312,0.5,5.483287282313496
BDI_2018_3,5.4815280122119034,-1.9368230955696497,5.503403998188416,5.491504213741142,2.1895836509338094,1.4129899423872312,0.5,5.486516112976522
BDI_2018_4,5.477464578521194,-2.4296136239117336,5.5090762086642755,5.4941487336249475,2.1895836509338094,1.4129899423872312,0.5,5.485806656073071
BDI_2018_5,5.473384565947026,-2.4124864066059253,5.514006793936194,5.499184548019024,2.1895836509338094,1.4129899423872312,0.5,5.4862845569830245
BDI_2018_6,5.469287838650695,-2.8335768389000173,5.519985432486443,5.502576019270116,2.1895836509338094,1.4129899423872312,0.5,5.485931928960405
BDI_2018_7,5.465174259117138,-2.7379756787688208,5.5240594151492415,5.507237372664435,2.1895836509338094,1.4129899423872312,0.5,5.486205815890786
BDI_2018_8,5.461043688127234,-2.5606102543868574,5.527076923454248,5.511344608948921,2.1895836509338094,1.4129899423872312,0.5,5.486194148538077
BDI_2018_9,5.456895984729542,-2.457899791107419,5.53081366021292,5.51571239578971,2.1895836509338094,1.4129899423872312,0.5,5.4863041902596255
BDI_2018_10,5.45273100621143,-2.4391261916847258,5.5336072883397405,5.518621368362258,2.1895836509338094,1.4129899423872312,0.5,5.485676187286844
BDI_2018_11,5.448548608069615,-2.473776802109331,5.537340784401455,5.52214197208705,2.1895836509338094,1.4129899423872312,0.5,5.485345290078333
BDI_2018_12,5.444348643980083,-2.7456386085080147,5.541377935395651,5.524508812094667,2.1895836509338094,1.4129899423872312,0.5,5.484428728037376
BDI_2019_1,5.4391237669527035,-3.695022892366835,5.54309519366316,5.520393081091554,2.1895836509338094,1.4129899423872312,0.4999166666666667,5.479751651579283
BDI_2019_2,5.433871447137421,-2.8174983571070698,5.542642223428078,5.525331595933592,2.1895836509338094,1.4129899423872312,0.49983333333333335,5.479586278177374
BDI_2019_3,5.428591394734185,-2.731031838314098,5.541851767561067,5.525072387828907,2.1895836509338094,1.4129899423872312,0.49975,5.476807771033273
BDI_2019_4,5.423283315328064,-2.7405951946368887,5.542410094983166,5.525571958269486,2.1895836509338094,1.4129899423872312,0.49966666666666665,5.474393540584461
BDI_2019_5,5.417946909790745,-2.6763181404217145,5.543176457036875,5.526733236664195,2.1895836509338094,1.4129899423872312,0.4995833333333333,5.472294745591273
BDI_2019_6,5.412581874179374,-3.056753507956544,5.544807858476977,5.526027254333865,2.1895836509338094,1.4129899423872312,0.4995,5.469247841566542
BDI_2019_7,5.407187899632684,-3.260210295126632,5.545069333856512,5.52503869716412,2.1895836509338094,1.4129899423872312,0.4994166666666667,5.4660445520998415
BDI_2019_8,5.401764672264299,-2.6352547727833784,5.544848662688449,5.5286577344454395,2.1895836509338094,1.4129899423872312,0.49933333333333335,5.465126607980082
BDI_2019_9,5.396311873053124,-2.8400783284852262,5.544129418078552,5.526680059900381,2.1895836509338094,1.4129899423872312,0.49924999999999997,5.461398190336617
BDI_2019_10,5.390829177730738,-2.5532529727311846,5.542547174973789,5.526860063391755,2.1895836509338094,1.4129899423872312,0.49916666666666665,5.458731261489862
BDI_2019_11,5.385316256665683,-2.45174087349933,5.543256585760128,5.528193161546554,2.1895836509338094,1.4129899423872312,0.4990833333333333,5.456623738609977
BDI_2019_12,5.379772774744541,-3.200970764843361,5.543997301537915,5.524330630786832,2.1895836509338094,1.4129899423872312,0.499,5.451907144909644
BDI_2020_1,5.379716611507804,-3.137729487627721,5.540187166465435,5.520909048271763,2.1895836509338094,1.4129899423872312,0.4990833333333333,5.450183403489417
BDI_2020_2,5.37966044511658,-2.5952162800193483,5.530841911584226,5.514896978669636,2.1895836509338094,1.4129899423872312,0.49916666666666665,5.447166014781814
BDI_2020_3,5.379604275570515,-2.3442396702112385,5.524169320289576,5.509766380324603,2.1895836509338094,1.4129899423872312,0.49924999999999997,5.444587706368994
BDI_2020_4,5.379548102869256,-2.1688257366511485,5.518378282376715,5.505053080488693,2.1895836509338094,1.4129899423872312,0.49933333333333335,5.442216921693895
BDI_2020_5,5.379491927012446,-2.650705044027376,5.513201808219113,5.4969159539615,2.1895836509338094,1.4129899423872312,0.4994166666666667,5.43813544313792
BDI_2020_6,5.379435747999732,-2.7903271241356546,5.507710823253432,5.490567135019567,2.1895836509338094,1.4129899423872312,0.4995,5.434945875816139
BDI_2020_7,5.37937956583076,-2.358192816429857,5.501092894679557,5.486604226992346,2.1895836509338094,1.4129899423872312,0.4995833333333333,5.432947219469403
BDI_2020_8,5.379323380505174,-2.149698987479779,5.493420231852441,5.480212544151872,2.1895836509338094,1.4129899423872312,0.49966666666666665,5.429734332607307
BDI_2020_9,5.3792671920226205,-2.3431232305372713,5.486400805241951,5.47200472464968,2.1895836509338094,1.4129899423872312,0.49975,5.425612773952993
BDI_2020_10,5.379211000382743,-2.1104815845151577,5.4779730784716625,5.465006341347803,2.1895836509338094,1.4129899423872312,0.49983333333333335,5.422094371641779
BDI_2020_11,5.3791548055851885,-2.205431806459226,5.470587793598438,5.45703768508824,2.1895836509338094,1.4129899423872312,0.4999166666666667,5.418089755096756
BDI_2020_12,5.379098607629601,-2.4543894117053555,5.463739244351987,5.448659547597145,2.1895836509338094,1.4129899423872312,0.5,5.413879077613373
BDI_2021_1,5.380884512443856,-2.924583772599185,5.477611779633299,5.4596432224782685,2.1895836509338094,1.4129899423872312,0.4999166666666667,5.420257304235227
BDI_2021_2,5.382667233487173,-3.7040133466076313,5.490002840973133,5.467245491313642,2.1895836509338094,1.4129899423872312,0.49983333333333335,5.424942266024104
BDI_2021_3,5.384446782090907,-2.059697504297119,5.5005370386463515,5.487882317425922,2.1895836509338094,1.4129899423872312,0.49975,5.43613869087458
BDI_2021_4,5.386223169526029,-2.2950304501876464,5.51193317996975,5.497832580013237,2.1895836509338094,1.4129899423872312,0.49966666666666665,5.441990671632803
BDI_2021_5,5.38799640700355,-2.3322687621981437,5.523395658243017,5.509066267186729,2.1895836509338094,1.4129899423872312,0.4995833333333333,5.448480891320064
BDI_2021_6,5.389766505674946,-2.590343734681962,5.534690362596661,5.518775366458102,2.1895836509338094,1.4129899423872312,0.4995,5.454206431636132
BDI_2021_7,5.391533476632583,-2.4953891343109613,5.545254754639624,5.529923156788331,2.1895836509338094,1.4129899423872312,0.4994166666666667,5.460647589397033
BDI_2021_8,5.393297330910129,-1.8678852144474443,5.5530706939241,5.541594461802014,2.1895836509338094,1.4129899423872312,0.49933333333333335,5.467347031602143
BDI_2021_9,5.395058079482968,-2.0430963270098266,5.562936502896567,5.550383778823807,2.1895836509338094,1.4129899423872312,0.49924999999999997,5.472604434878882
BDI_2021_10,5.396815733268616,-2.267326527061231,5.571287719968921,5.557357332105759,2.1895836509338094,1.4129899423872312,0.49916666666666665,5.47695274802149
BDI_2021_11,5.398570303127116,-2.2787526505345985,5.580652491120497,5.566651901488928,2.1895836509338094,1.4129899423872312,0.4990833333333333,5.482457027509524
BDI_2021_12,5.4003217998614526,-2.6379115631974925,5.589675429311738,5.573468177826135,2.1895836509338094,1.4129899423872312,0.499,5.486721842465829
KEN_2013_1,7.167836035092636,-1.1553158860169255,7.401306155574732,7.394207928563933,2.5576197283416433,1.4129899423872312,0.498,7.280569238041341
KEN_2013_2,7.173413213231349,-1.1553158860169255,7.4026908106878135,7.395592583677013,2.5576197283416433,1.4129899423872312,0.498,7.284058539713289
KEN_2013_3,7.1789594588902865,-0.6385025957487755,7.404823622718721,7.400900681446586,2.5576197283416433,1.4129899423872312,0.498,7.289486187723323
KEN_2013_4,7.184475113296929,-1.5894001875377533,7.409373284005207,7.399608055742792,2.5576197283416433,1.4129899423872312,0.498,7.291611318634969
KEN_2013_5,7.1899605120634105,-1.8981623949491173,7.413543651375706,7.401881397142223,2.5576197283416433,1.4129899423872312,0.498,7.295497112832659
KEN_2013_6,7.195415985309052,-2.220681671978526,7.417174620978061,7.40353081774017,2.5576197283416433,1.4129899423872312,0.498,7.299057171859749
KEN_2013_7,7.200841857779579,-1.6052895573463646,7.422657374433191,7.4127945223474345,2.5576197283416433,1.4129899423872312,0.498,7.306394284734371
KEN_2013_8,7.20623844896312,-1.2271469618209403,7.423208549987788,7.4156689949483,2.5576197283416433,1.4129899423872312,0.498,7.31053486086374
KEN_2013_9,7.211606073203088,-2.4579898771644486,7.425643195235253,7.410541377325943,2.5576197283416433,1.4129899423872312,0.498,7.310675854656269
KEN_2013_10,7.216945039808052,-1.570015592869098,7.426013849367237,7.416367719487468,2.5576197283416433,1.4129899423872312,0.498,7.316257534288401
KEN_2013_11,7.222255653158693,-2.227385709525413,7.429493979396026,7.415808986747539,2.5576197283416433,1.4129899423872312,0.498,7.318645213285938
KEN_2013_12,7.22753821281193,-4.51794126209487,7.434308731183462,7.406550632218538,2.5576197283416433,1.4129899423872312,0.498,7.3166863976764205
KEN_2014_1,7.234359742973726,-2.821158087748484,7.4350927225070755,7.417759609734576,2.5576197283416433,1.4129899423872312,0.4980833333333333,7.3257081599428595
KEN_2014_2,7.2411350549624265,-1.9059457284092542,7.435965165177381,7.42425509037078,2.5576197283416433,1.4129899423872312,0.49816666666666665,7.332359352601688
KEN_2014_3,7.247864770853123,-0.6479373436805136,7.436592862650695,7.432611954563233,2.5576197283416433,1.4129899423872312,0.49824999999999997,7.339915055136686
KEN_2014_4,7.254549500245555,-0.8029571884198563,7.438836308003671,7.433902962524446,2.5576197283416433,1.4129899423872312,0.49833333333333335,7.343927308947869
KEN_2014_5,7.261189840595476,-3.648305516495748,7.4425385669565465,7.420123484575814,2.5576197283416433,1.4129899423872312,0.4984166666666667,7.340405017649342
KEN_2014_6,7.267786377535093,-3.4085094106082856,7.445341650734864,7.424399868614689,2.5576197283416433,1.4129899423872312,0.4985,7.345858202838272
KEN_2014_7,7.274339685183003,-3.2152382420526218,7.44600023988151,7.426245910167776,2.5576197283416433,1.4129899423872312,0.4985833333333333,7.350077597189994
KEN_2014_8,7.280850326444044,-1.5116501077080065,7.444488427692219,7.435200893646094,2.5576197283416433,1.4129899423872312,0.49866666666666665,7.3578198092888005
KEN_2014_9,7.287318853299442,-1.9449496053779067,7.445902656091901,7.433952942606066,2.5576197283416433,1.4129899423872312,0.49875,7.36045260534112
KEN_2014_10,7.293745807087635,-2.9526652695808164,7.447984438527122,7.429843349476018,2.5576197283416433,1.4129899423872312,0.49883333333333335,7.3616357978157065
KEN_2014_11,7.300131718776142,-2.2203597814861564,7.451240490715746,7.437598665163623,2.5576197283416433,1.4129899423872312,0.4989166666666667,7.368716269444629
KEN_2014_12,7.306477109224783,-1.802175397025277,7.4504360204298905,7.439363507504039,2.5576197283416433,1.4129899423872312,0.499,7.372787421966132
KEN_2015_1,7.306853666460524,-1.5081938439198652,7.442173232341169,7.432906933478664,2.5576197283416433,1.4129899423872312,0.4990833333333333,7.369764751141494
KEN_2015_2,7.307230081954286,-0.6847649292087542,7.434221198356891,7.430014022661146,2.5576197283416433,1.4129899423872312,0.49916666666666665,7.368519732357127
KEN_2015_3,7.3076063558127355,-0.9144083369465834,7.42776393988642,7.4221458418105835,2.5576197283416433,1.4129899423872312,0.49924999999999997,7.364790194197161
KEN_2015_4,7.30798248814242,-3.8281868524302936,7.424241411289989,7.400721143242787,2.5576197283416433,1.4129899423872312,0.49933333333333335,7.3542899899225365
KEN_2015_5,7.308358479049767,-3.071846421899425,7.418667014321329,7.399793679756418,2.5576197283416433,1.4129899423872312,0.4994166666666667,7.35402274220268
KEN_2015_6,7.3087343286410835,-2.1791086866068192,7.411548436186676,7.398160056154902,2.5576197283416433,1.4129899423872312,0.4995,7.353402479534235
KEN_2015_7,7.309110037022557,-2.652071670184797,7.403684976181676,7.387390725412924,2.5576197283416433,1.4129899423872312,0.4995833333333333,7.348217764264245
KEN_2015_8,7.309485604300255,-1.4711778055830524,7.394623942162713,7.385585068757034,2.5576197283416433,1.4129899423872312,0.49966666666666665,7.347509970040491
KEN_2015_9,7.309861030580125,-0.9593015023505397,7.385741165415764,7.379847245044807,2.5576197283416433,1.4129899423872312,0.49975,7.3448366412588495
KEN_2015_10,7.310236315967996,-0.9074270390241855,7.376891459740152,7.371316254554548,2.5576197283416433,1.4129899423872312,0.49983333333333335,7.340766105271507
KEN_2015_11,7.310611460569579,-1.8894386383932333,7.369131819180906,7.357523163452533,2.5576197283416433,1.4129899423872312,0.4999166666666667,7.3340634027024825
KEN_2015_12,7.310986464490464,-2.4632778377588265,7.362457719093033,7.347323412108503,2.5576197283416433,1.4129899423872312,0.5,7.329154938299483
KEN_2016_1,7.3146226012454365,-2.7007204090273973,7.362565278616554,7.345972131419325,2.5576197283416433,1.4129899423872312,0.5,7.330297366332381
KEN_2016_2,7.318245564396472,-3.012698145286722,7.362918621323255,7.344408692039771,2.5576197283416433,1.4129899423872312,0.5,7.331327128218121
KEN_2016_3,7.321855449054159,-1.7686278538084081,7.361534546397506,7.350668148595917,2.5576197283416433,1.4129899423872312,0.5,7.3362617988250385
KEN_2016_4,7.325452349302775,-0.9094138986051753,7.359525411587047,7.353937999194294,2.5576197283416433,1.4129899423872312,0.5,7.339695174248535
KEN_2016_5,7.329036358214994,-1.502225213921684,7.359897675024197,7.350668047249817,2.5576197283416433,1.4129899423872312,0.5,7.339852202732406
KEN_2016_6,7.332607567866343,-2.5514942607446867,7.361414912418562,7.345738606311531,2.5576197283416433,1.4129899423872312,0.5,7.339173087088937
KEN_2016_7,7.336166069349393,-8.580129568617695,7.3614974236129225,7.308781358511373,2.5576197283416433,1.4129899423872312,0.5,7.322473713930384
KEN_2016_8,7.339711952787702,-2.944025486874,7.360072104697654,7.341984098218788,2.5576197283416433,1.4129899423872312,0.5,7.340848025503245
KEN_2016_9,7.343245307349508,-1.7312589878045046,7.357494925542396,7.3468581209604995,2.5576197283416433,1.4129899423872312,0.5,7.345051714155003
KEN_2016_10,7.346766221261184,-1.8473713877961753,7.3553380318902555,7.343987836119087,2.5576197283416433,1.4129899423872312,0.5,7.345377028690136
KEN_2016_11,7.350274781820461,-3.06030159191207,7.355974127155463,7.337171723688308,2.5576197283416433,1.4129899423872312,0.5,7.343723252754384
KEN_2016_12,7.353771075409407,-3.313507237787982,7.355562511834378,7.335204420285205,2.5576197283416433,1.4129899423872312,0.5,7.344487747847306
KEN_2017_1,7.3598288860450625,-1.4798475434454308,7.357636260080163,7.348544120058646,2.5576197283416433,1.4129899423872312,0.5,7.354186503051855
KEN_2017_2,7.365850220466145,-1.0748747696278156,7.361919029495276,7.355315030350675,2.5576197283416433,1.4129899423872312,0.5,7.36058262540841
KEN_2017_3,7.371835515317084,-0.24662147096472622,7.366102941382973,7.364587706279021,2.5576197283416433,1.4129899423872312,0.5,7.368211610798053
KEN_2017_4,7.37778519944855,-0.10207373781161609,7.371625720158939,7.370998582099473,2.5576197283416433,1.4129899423872312,0.5,7.374391890774012
KEN_2017_5,7.383699694101841,-0.7186347708173152,7.3778622785833115,7.373447007571413,2.5576197283416433,1.4129899423872312,0.5,7.378573350836627
KEN_2017_6,7.389579413087848,-1.1912524187691396,7.384804865678598,7.37748584566171,2.5576197283416433,1.4129899423872312,0.5,7.383532629374779
KEN_2017_7,7.395424762960791,-1.1589033155152917,7.389570048701,7.382449780628294,2.5576197283416433,1.4129899423872312,0.5,7.388937271794543
KEN_2017_8,7.401236143186906,-1.329594227554582,7.39366384158639,7.385494853542809,2.5576197283416433,1.4129899423872312,0.5,7.393365498364858
KEN_2017_9,7.40701394630826,-0.6079621912789603,7.397528143235677,7.3937928413153005,2.5576197283416433,1.4129899423872312,0.5,7.40040339381178
KEN_2017_10,7.412758558101858,-0.45175901364017973,7.400925195671462,7.398149601505569,2.5576197283416433,1.4129899423872312,0.5,7.405454079803714
KEN_2017_11,7.418470357734205,-0.774788688129282,7.407058290323084,7.402298011285719,2.5576197283416433,1.4129899423872312,0.5,7.410384184509962
KEN_2017_12,7.4241497179114875,-0.848979080564572,7.412294632074891,7.407078529436466,2.5576197283416433,1.4129899423872312,0.5,7.4156141236739765
KEN_2018_1,7.432557573459294,-1.0500905232866276,7.417814404923851,7.411362679463833,2.5576197283416433,1.4129899423872312,0.5,7.421960126461563
KEN_2018_2,7.440895325978792,-1.3219714508162284,7.422828875060539,7.414706721134273,2.5576197283416433,1.4129899423872312,0.5,7.427801023556532
KEN_2018_3,7.449164134820437,-0.35364199472232855,7.425800949238601,7.423628183167024,2.5576197283416433,1.4129899423872312,0.5,7.43639615899373
KEN_2018_4,7.457365130810717,-0.9556299266919528,7.431473159714461,7.425601797396957,2.5576197283416433,1.4129899423872312,0.5,7.441483464103837
KEN_2018_5,7.465499417180252,-0.6738129214234518,7.436403744986379,7.432263858106122,2.5576197283416433,1.4129899423872312,0.5,7.448881637643186
KEN_2018_6,7.473568070454465,-1.0427249047808427,7.4423823835366285,7.4359759122212665,2.5576197283416433,1.4129899423872312,0.5,7.454771991337866
KEN_2018_7,7.481572141308603,-0.8073149579224133,7.446456366199426,7.441496246711843,2.5576197283416433,1.4129899423872312,0.5,7.461534194010223
KEN_2018_8,7.489512655388806,-0.7516122239238407,7.449473874504433,7.4448559909852365,2.5576197283416433,1.4129899423872312,0.5,7.467184323187022
KEN_2018_9,7.497390614100837,-0.846497863037976,7.4532106112631045,7.448009753152588,2.5576197283416433,1.4129899423872312,0.5,7.472700183626713
KEN_2018_10,7.505206995367989,-0.5963774300570888,7.456004239389925,7.452340113903642,2.5576197283416433,1.4129899423872312,0.5,7.478773554635815
KEN_2018_11,7.512962754359594,-0.6139102527475667,7.45973773545164,7.45596588881558,2.5576197283416433,1.4129899423872312,0.5,7.484464321587588
KEN_2018_12,7.5206588241915036,-0.8970857605956896,7.463774886445837,7.458263217772416,2.5576197283416433,1.4129899423872312,0.5,7.48946102098196
KEN_2019_1,7.526256024387589,-1.8648143798280152,7.465492144713345,7.454034779709339,2.5576197283416433,1.4129899423872312,0.5,7.490145402048464
KEN_2019_2,7.531822070229911,-1.0744131847826233,7.465039174478262,7.458438011297449,2.5576197283416433,1.4129899423872312,0.5,7.49513004076368
KEN_2019_3,7.537357306613672,-0.8575714894320099,7.464248718611252,7.4589798244640715,2.5576197283416433,1.4129899423872312,0.5,7.498168565538872
KEN_2019_4,7.542862072738326,-0.771317156247533,7.46480704603335,7.460068095986324,2.5576197283416433,1.4129899423872312,0.5,7.501465084362325
KEN_2019_5,7.548336702232312,-1.017781334128693,7.46557340808706,7.459320189340188,2.5576197283416433,1.4129899423872312,0.5,7.50382844578625
KEN_2019_6,7.553781523274388,-1.167430648245762,7.467204809527162,7.460032149771584,2.5576197283416433,1.4129899423872312,0.5,7.506906836522986
KEN_2019_7,7.559196858711673,-1.2320871977436667,7.467466284906697,7.4598963772022024,2.5576197283416433,1.4129899423872312,0.5,7.5095466179569375
KEN_2019_8,7.56458302617453,-0.9768771528424508,7.467245613738633,7.4612437090851405,2.5576197283416433,1.4129899423872312,0.5,7.512913367629835
KEN_2019_9,7.569940338188343,-1.0859609277456481,7.4665263691287365,7.45985425695293,2.5576197283416433,1.4129899423872312,0.5,7.514897297570636
KEN_2019_10,7.575269102282341,-0.669960308870404,7.464944126023974,7.460827909482555,2.5576197283416433,1.4129899423872312,0.5,7.518048505882448
KEN_2019_11,7.580569621095525,-0.7058067701816185,7.465653536810313,7.461317080659104,2.5576197283416433,1.4129899423872312,0.5,7.520943350877314
KEN_2019_12,7.585842192479805,-0.9520105875003242,7.466394252588099,7.460545127384724,2.5576197283416433,1.4129899423872312,0.5,7.523193659932264
KEN_2020_1,7.58441652539811,-1.9779245514701485,7.46258411751562,7.450431806925507,2.5576197283416433,1.4129899423872312,0.4999166666666667,7.517435331555014
KEN_2020_2,7.582988822887598,-0.904135109996279,7.453238862634411,7.447683882964466,2.5576197283416433,1.4129899423872312,0.49983333333333335,7.515358903749353
KEN_2020_3,7.581559079127984,-0.4926455875919756,7.44656627133976,7.443539471259436,2.5576197283416433,1.4129899423872312,0.49975,7.512583780095677
KEN_2020_4,7.580127288273982,-0.6448647291144171,7.4407752334268995,7.4368132033934575,2.5576197283416433,1.4129899423872312,0.49966666666666665,7.508518017195346
KEN_2020_5,7.578693444455163,-0.8626780135023996,7.435598759269299,7.430298490787596,2.5576197283416433,1.4129899423872312,0.4995833333333333,7.504557798852074
KEN_2020_6,7.5772575417758095,-0.9606105087449679,7.430107774303616,7.424205811435661,2.5576197283416433,1.4129899423872312,0.4995,7.500808202470905
KEN_2020_7,7.57581957431477,-0.6500677218496504,7.423489845729742,7.419495848661121,2.5576197283416433,1.4129899423872312,0.4994166666666667,7.497748900327911
KEN_2020_8,7.574379536125315,-0.6658336504865483,7.415817182902625,7.4117263204296115,2.5576197283416433,1.4129899423872312,0.49933333333333335,7.493161363754593
KEN_2020_9,7.572937421234984,-0.7109973849675288,7.408797756292136,7.404429409155506,2.5576197283416433,1.4129899423872312,0.49924999999999997,7.488809796204305
KEN_2020_10,7.571493223645444,-0.444874003884091,7.400370029521847,7.397636736654509,2.5576197283416433,1.4129899423872312,0.49916666666666665,7.484709860555803
KEN_2020_11,7.570046937332333,-0.5259518856662794,7.392984744648622,7.3897533116471354,2.5576197283416433,1.4129899423872312,0.4990833333333333,7.480065393646612
KEN_2020_12,7.568598556245114,-0.44481864486338263,7.386136195402171,7.383403242659037,2.5576197283416433,1.4129899423872312,0.499,7.476186094765661
KEN_2021_1,7.574835239733667,-1.0799535049856666,7.400008730683483,7.393373527937397,2.5576197283416433,1.4129899423872312,0.4990833333333333,7.484270723738012
KEN_2021_2,7.581033267957416,-1.028974676330504,7.412399792023319,7.406077801709363,2.5576197283416433,1.4129899423872312,0.49916666666666665,7.493701331055263
KEN_2021_3,7.587193117140606,-0.2714267208571302,7.422933989696537,7.421266351862798,2.5576197283416433,1.4129899423872312,0.49924999999999997,7.50435417957566
KEN_2021_4,7.593315254760862,-0.4779767000028708,7.4343301310199355,7.431393456155893,2.5576197283416433,1.4129899423872312,0.49933333333333335,7.512462303324114
KEN_2021_5,7.599400139762092,-0.383631173572704,7.445792609293202,7.44343559058395,2.5576197283416433,1.4129899423872312,0.4994166666666667,7.5215088444933755
KEN_2021_6,7.60544822276093,-0.9137902297065871,7.457087313646845,7.451473013203812,2.5576197283416433,1.4129899423872312,0.4995,7.5285376055871485
KEN_2021_7,7.611459946246992,-0.8124361033125763,7.467651705689809,7.462660122034741,2.5576197283416433,1.4129899423872312,0.4995833333333333,7.537122034067622
KEN_2021_8,7.617435744777132,-0.11260638125931012,7.475467644974286,7.474775794661555,2.5576197283416433,1.4129899423872312,0.49966666666666665,7.546153323036048
KEN_2021_9,7.623376045163943,-0.48713947351983655,7.485333453946751,7.4823404832702325,2.5576197283416433,1.4129899423872312,0.49975,7.552893523107562
KEN_2021_10,7.629281266658682,-0.4117368106142557,7.493684671019105,7.4911549720979576,2.5576197283416433,1.4129899423872312,0.49983333333333335,7.560241140427413
KEN_2021_11,7.635151821128827,-0.5320665288750251,7.503049442170681,7.499780440980173,2.5576197283416433,1.4129899423872312,0.4999166666666667,7.567477412002846
KEN_2021_12,7.64098811323046,-0.5903181786706396,7.512072380361923,7.508445482738925,2.5576197283416433,1.4129899423872312,0.5,7.574716797984692
RWA_2013_1,6.55907373160479,-5.955752319674522,6.6166571400961365,6.58006517204929,2.5576197283416433,1.4129899423872312,0.5,6.569569451827039
RWA_2013_2,6.558872532348249,-2.5760604747892937,6.618041795209217,6.602214555001655,2.5576197283416433,1.4129899423872312,0.5,6.580543543674953
RWA_2013_3,6.558671292602421,-2.2847688178763006,6.620174607240126,6.606137054452382,2.5576197283416433,1.4129899423872312,0.5,6.582404173527401
RWA_2013_4,6.558470012351005,-2.867591419156566,6.624724268526612,6.607105870724112,2.5576197283416433,1.4129899423872312,0.5,6.582787941537559
RWA_2013_5,6.558268691577695,-2.920237088514065,6.62889463589711,6.610952784641958,2.5576197283416433,1.4129899423872312,0.5,6.584610738109826
RWA_2013_6,6.5580673302661685,-3.0236724378252813,6.632525605499466,6.613948250483621,2.5576197283416433,1.4129899423872312,0.5,6.586007790374895
RWA_2013_7,6.557865928400099,-3.8225109119691556,6.638008358954596,6.614522963719566,2.5576197283416433,1.4129899423872312,0.5,6.5861944460598325
RWA_2013_8,6.557664485963146,-2.2078015221405516,6.6385595345091915,6.624994866535161,2.5576197283416433,1.4129899423872312,0.5,6.591329676249154
RWA_2013_9,6.557463002938961,-3.4428135104977717,6.640994179756658,6.619841634250153,2.5576197283416433,1.4129899423872312,0.5,6.588652318594557
RWA_2013_10,6.557261479311187,-2.848793760793509,6.641364833888642,6.623861928349294,2.5576197283416433,1.4129899423872312,0.5,6.59056170383024
RWA_2013_11,6.557059915063454,-2.9821481990693,6.64484496391743,6.626522732609922,2.5576197283416433,1.4129899423872312,0.5,6.591791323836688
RWA_2013_12,6.556858310179384,-3.383544288624804,6.649659715704867,6.628871318563929,2.5576197283416433,1.4129899423872312,0.5,6.592864814371657
RWA_2014_1,6.559257685744201,-2.940940925954385,6.650443707028479,6.63237465200168,2.5576197283416433,1.4129899423872312,0.5,6.59581616887294
RWA_2014_2,6.561651318083323,-3.178106933759228,6.651316149698785,6.631789953657118,2.5576197283416433,1.4129899423872312,0.5,6.59672063587022
RWA_2014_3,6.564039234625464,-2.5218282906744114,6.6519438471721,6.636449807917453,2.5576197283416433,1.4129899423872312,0.5,6.600244521271458
RWA_2014_4,6.566421462603313,-2.282647231172999,6.654187292525075,6.640162774703979,2.5576197283416433,1.4129899423872312,0.5,6.603292118653647
RWA_2014_5,6.568798029055398,-3.104923755764642,6.657889551477951,6.638812990741281,2.5576197283416433,1.4129899423872312,0.5,6.60380550989834
RWA_2014_6,6.571168960827927,-3.411299353721707,6.660692635256269,6.63973371180721,2.5576197283416433,1.4129899423872312,0.5,6.605451336317568
RWA_2014_7,6.573534284576605,-3.293124470054204,6.661351224402914,6.641118363982503,2.5576197283416433,1.4129899423872312,0.5,6.607326324279555
RWA_2014_8,6.575894026768442,-2.6651547198649426,6.659839412213623,6.643464779570315,2.5576197283416433,1.4129899423872312,0.5,6.609679403169379
RWA_2014_9,6.578248213683515,-2.924387865836899,6.661253640613306,6.643286287103693,2.5576197283416433,1.4129899423872312,0.5,6.610767250393604
RWA_2014_10,6.580596871416738,-3.0905077066746545,6.663335423048526,6.644347434095796,2.5576197283416433,1.4129899423872312,0.5,6.612472152756267
RWA_2014_11,6.582940025879586,-4.338628695553247,6.66659147523715,6.63993506743618,2.5576197283416433,1.4129899423872312,0.5,6.611437546657883
RWA_2014_12,6.585277702801822,-3.495206763549633,6.665787004951294,6.644312556830537,2.5576197283416433,1.4129899423872312,0.5,6.614795129816179
RWA_2015_1,6.586322797437233,-2.8569178002752906,6.657524216862574,6.639971397462277,2.5576197283416433,1.4129899423872312,0.5,6.613147097449755
RWA_2015_2,6.587366800990032,-2.2454779645936243,6.649572182878295,6.635776031943865,2.5576197283416433,1.4129899423872312,0.5,6.611571416466949
RWA_2015_3,6.588409715736033,-2.016297090503705,6.643114924407824,6.630726854060282,2.5576197283416433,1.4129899423872312,0.5,6.609568284898158
RWA_2015_4,6.589451543943934,-3.425264533545599,6.639592395811393,6.618547670705976,2.5576197283416433,1.4129899423872312,0.5,6.603999607324955
RWA_2015_5,6.590492287875352,-3.764148267060453,6.634017998842734,6.6108911819909215,2.5576197283416433,1.4129899423872312,0.5,6.600691734933137
RWA_2015_6,6.591531949784851,-3.3388006078750028,6.626899420708081,6.606385927432922,2.5576197283416433,1.4129899423872312,0.5,6.598958938608886
RWA_2015_7,6.592570531919965,-3.225665259268703,6.61903596070308,6.599217567700559,2.5576197283416433,1.4129899423872312,0.5,6.595894049810262
RWA_2015_8,6.593608036521239,-2.6629564670375565,6.609974926684118,6.593613800041883,2.5576197283416433,1.4129899423872312,0.5,6.593610918281561
RWA_2015_9,6.594644465822248,-2.5970127811507906,6.601092149937169,6.585136179372174,2.5576197283416433,1.4129899423872312,0.5,6.589890322597212
RWA_2015_10,6.59567982204963,-2.298463277841763,6.592242444261556,6.578120753112346,2.5576197283416433,1.4129899423872312,0.5,6.586900287580988
RWA_2015_11,6.596714107423114,-3.2892109968882215,6.58448280370231,6.564273987546563,2.5576197283416433,1.4129899423872312,0.5,6.580494047484839
RWA_2015_12,6.5977473241555495,-3.3423724901846854,6.577808703614437,6.5572732647988445,2.5576197283416433,1.4129899423872312,0.5,6.577510294477197
RWA_2016_1,6.597178310474602,-3.3650435370059677,6.577916263137959,6.557241534073823,2.5576197283416433,1.4129899423872312,0.5,6.577209922274212
RWA_2016_2,6.5966089728327395,-3.388240506455691,6.5782696058446595,6.557452355278734,2.5576197283416433,1.4129899423872312,0.5,6.577030664055737
RWA_2016_3,6.596039310860864,-3.0641514020924134,6.57688553091891,6.558059474330614,2.5576197283416433,1.4129899423872312,0.5,6.57704939259574
RWA_2016_4,6.595469324189249,-2.1826633749860176,6.5748763961084515,6.56146617617525,2.5576197283416433,1.4129899423872312,0.5,6.5784677501822495
RWA_2016_5,6.5948990124475335,-2.771752316235769,6.575248659545601,6.558219094388161,2.5576197283416433,1.4129899423872312,0.5,6.5765590534178475
RWA_2016_6,6.594328375264723,-3.271348437593528,6.576765896939967,6.556666827826048,2.5576197283416433,1.4129899423872312,0.5,6.575497601545385
RWA_2016_7,6.593757412269189,-3.481188003521103,6.576848408134326,6.555460090865137,2.5576197283416433,1.4129899423872312,0.5,6.574608751567163
RWA_2016_8,6.593186123088664,-3.405807264788357,6.575423089219059,6.5544979090037625,2.5576197283416433,1.4129899423872312,0.5,6.573842016046213
RWA_2016_9,6.592614507350244,-2.904303055725694,6.5728459100638,6.555001957040032,2.5576197283416433,1.4129899423872312,0.5,6.573808232195137
RWA_2016_10,6.592042564680383,-3.8938177272217755,6.570689016411659,6.5467655141894365,2.5576197283416433,1.4129899423872312,0.5,6.569404039434909
RWA_2016_11,6.591470294704895,-3.4046200083041978,6.571325111676867,6.550407225930682,2.5576197283416433,1.4129899423872312,0.5,6.570938760317789
RWA_2016_12,6.590897697048952,-3.5546599015517635,6.570913496355782,6.549073769894139,2.5576197283416433,1.4129899423872312,0.5,6.569985733471546
RWA_2017_1,6.594108697261424,-2.7490104995108506,6.572987244601568,6.556097404500889,2.5576197283416433,1.4129899423872312,0.5,6.5751030508811565
RWA_2017_2,6.5973094199438815,-2.460114198510032,6.57727001401668,6.562155144339159,2.5576197283416433,1.4129899423872312,0.5,6.579732282141521
RWA_2017_3,6.600499930677573,-1.7866409773995824,6.581453925904377,6.570476855998326,2.5576197283416433,1.4129899423872312,0.5,6.5854883933379496
RWA_2017_4,6.6036802944180355,-1.6204034184808742,6.586976704680343,6.577020993473854,2.5576197283416433,1.4129899423872312,0.5,6.5903506439459445
RWA_2017_5,6.606850575503016,-2.3717334585767613,6.593213263104715,6.578641402108215,2.5576197283416433,1.4129899423872312,0.5,6.592745988805616
RWA_2017_6,6.6100108376602895,-2.530747870903643,6.600155850200003,6.584607009305325,2.5576197283416433,1.4129899423872312,0.5,6.597308923482807
RWA_2017_7,6.613161144015347,-2.459716746549195,6.6049210332224035,6.589808605478105,2.5576197283416433,1.4129899423872312,0.5,6.601484874746726
RWA_2017_8,6.616301557098953,-2.5463847699409214,6.609014826107794,6.5933699125628085,2.5576197283416433,1.4129899423872312,0.5,6.60483573483088
RWA_2017_9,6.619432138854599,-2.1680481698610854,6.612879127757082,6.599558703216674,2.5576197283416433,1.4129899423872312,0.5,6.6094954210356365
RWA_2017_10,6.622552950645835,-2.0874441810821196,6.616276180192867,6.603450984201857,2.5576197283416433,1.4129899423872312,0.5,6.6130019674238465
RWA_2017_11,6.625664053263482,-2.3099907382037026,6.622409274844488,6.608216759315991,2.5576197283416433,1.4129899423872312,0.5,6.616940406289737
RWA_2017_12,6.628765506932742,-2.2669702607672666,6.627645616596295,6.613717417622823,2.5576197283416433,1.4129899423872312,0.5,6.621241462277782
RWA_2018_1,6.63018429045631,-2.510899473835718,6.633165389445255,6.617738496521597,2.5576197283416433,1.4129899423872312,0.5,6.623961393488954
RWA_2018_2,6.631601063884746,-2.753524883426128,6.638179859581943,6.621262283238534,2.5576197283416433,1.4129899423872312,0.5,6.62643167356164
RWA_2018_3,6.633015832905691,-1.9280765867239185,6.641151933760005,6.629305887607244,2.5576197283416433,1.4129899423872312,0.5,6.631160860256468
RWA_2018_4,6.634428603182681,-2.1552399165421074,6.646824144235865,6.633582413229209,2.5576197283416433,1.4129899423872312,0.5,6.634005508205945
RWA_2018_5,6.635839380355284,-2.1969851537201914,6.6517547295077835,6.638256516984949,2.5576197283416433,1.4129899423872312,0.5,6.637047948670117
RWA_2018_6,6.63724817003923,-2.4315619153278254,6.657733368058032,6.642793922773231,2.5576197283416433,1.4129899423872312,0.5,6.640021046406231
RWA_2018_7,6.638654977826551,-2.348177227178409,6.661807350720831,6.6473802185210245,2.5576197283416433,1.4129899423872312,0.5,6.643017598173788
RWA_2018_8,6.6400598092857095,-2.28971560177166,6.664824859025837,6.650756913342533,2.5576197283416433,1.4129899423872312,0.5,6.6454083613141215
RWA_2018_9,6.641462669961734,-2.2964378876871723,6.668561595784509,6.654452348573166,2.5576197283416433,1.4129899423872312,0.5,6.647957509267449
RWA_2018_10,6.642863565376348,-2.2527585244821475,6.67135522391133,6.6575143414299,2.5576197283416433,1.4129899423872312,0.5,6.6501889534031235
RWA_2018_11,6.644262501028102,-2.1548448138187326,6.675088719973044,6.661849416465964,2.5576197283416433,1.4129899423872312,0.5,6.653055958747033
RWA_2018_12,6.645659482392502,-2.1746680032802357,6.6791258709672405,6.665764774363935,2.5576197283416433,1.4129899423872312,0.5,6.655712128378219
RWA_2019_1,6.649706482678629,-2.894027788695802,6.680843129234749,6.663062307151062,2.5576197283416433,1.4129899423872312,0.5,6.656384394914845
RWA_2019_2,6.653737170746815,-2.4728889374889778,6.680390158999667,6.665196801699519,2.5576197283416433,1.4129899423872312,0.5,6.659466986223167
RWA_2019_3,6.657751677568437,-2.399817985284275,6.679599703132656,6.664855291625535,2.5576197283416433,1.4129899423872312,0.5,6.661303484596986
RWA_2019_4,6.661750132543813,-2.2600574481804383,6.680158030554755,6.666272303699616,2.5576197283416433,1.4129899423872312,0.5,6.664011218121715
RWA_2019_5,6.665732663527232,-2.264976177379166,6.680924392608464,6.667008445225001,2.5576197283416433,1.4129899423872312,0.5,6.666370554376116
RWA_2019_6,6.669699396851487,-2.57893897211028,6.682555794048566,6.66671086843766,2.5576197283416433,1.4129899423872312,0.5,6.668205132644573
RWA_2019_7,6.673650457351919,-2.740969103102129,6.682817269428101,6.6659768354317475,2.5576197283416433,1.4129899423872312,0.5,6.669813646391834
RWA_2019_8,6.677585968389991,-2.319391710496211,6.682596598260038,6.668346323432754,2.5576197283416433,1.4129899423872312,0.5,6.6729661459113725
RWA_2019_9,6.681506051876398,-2.531591209180991,6.681877353650141,6.666323331309754,2.5576197283416433,1.4129899423872312,0.5,6.673914691593076
RWA_2019_10,6.685410828293728,-2.1738399489650932,6.680295110545378,6.666939101483565,2.5576197283416433,1.4129899423872312,0.5,6.676174964888647
RWA_2019_11,6.68930041671868,-2.141731331950819,6.681004521331717,6.667845786673665,2.5576197283416433,1.4129899423872312,0.5,6.6785731016961725
RWA_2019_12,6.693174934843854,-2.445412921739473,6.681745237109504,6.66672069164645,2.5576197283416433,1.4129899423872312,0.5,6.6799478132451515
RWA_2020_1,6.689844787441034,-2.4294249325979806,6.677935102037024,6.663008786311608,2.5576197283416433,1.4129899423872312,0.5,6.676426786876322
RWA_2020_2,6.686503513091799,-2.158731676196326,6.668589847155815,6.655326662879977,2.5576197283416433,1.4129899423872312,0.5,6.670915087985888
RWA_2020_3,6.683151037190373,-2.082010503287126,6.661917255861165,6.649125444227593,2.5576197283416433,1.4129899423872312,0.5,6.6661382407089835
RWA_2020_4,6.679787284378108,-1.9762968004878307,6.656126217948304,6.643983908212615,2.5576197283416433,1.4129899423872312,0.5,6.661885596295361
RWA_2020_5,6.676412178533325,-2.2434711615040213,6.650949743790703,6.637165922595757,2.5576197283416433,1.4129899423872312,0.5,6.656789050564541
RWA_2020_6,6.673025642760976,-2.394234629216004,6.645458758825021,6.630748651294271,2.5576197283416433,1.4129899423872312,0.5,6.651887147027623
RWA_2020_7,6.6696275993821335,-2.2519232187615024,6.638840830251146,6.625005079863632,2.5576197283416433,1.4129899423872312,0.5,6.647316339622883
RWA_2020_8,6.666217969923298,-2.2427254418065927,6.63116816742403,6.617388927909093,2.5576197283416433,1.4129899423872312,0.5,6.641803448916195
RWA_2020_9,6.662796675105524,-2.241741709462355,6.62414874081354,6.610375545321352,2.5576197283416433,1.4129899423872312,0.5,6.636586110213438
RWA_2020_10,6.659363634833361,-1.9310098037561516,6.615721014043252,6.603856946290842,2.5576197283416433,1.4129899423872312,0.5,6.631610290562101
RWA_2020_11,6.655918768183602,-1.9376100243866212,6.608335729170027,6.596431109855119,2.5576197283416433,1.4129899423872312,0.5,6.626174939019361
RWA_2020_12,6.652461993393837,-1.96332022484756,6.601487179923576,6.589424597889057,2.5576197283416433,1.4129899423872312,0.5,6.620943295641447
RWA_2021_1,6.657575546956116,-2.4361434488738003,6.615359715204888,6.600392121111989,2.5576197283416433,1.4129899423872312,0.5,6.628983834034052
RWA_2021_2,6.662663085063384,-3.049144602260054,6.6277507765447226,6.609016921295649,2.5576197283416433,1.4129899423872312,0.5,6.635840003179517
RWA_2021_3,6.667724871086107,-1.8864933227493184,6.638284974217941,6.626694414422733,2.5576197283416433,1.4129899423872312,0.5,6.6472096427544205
RWA_2021_4,6.672761164415491,-2.2549854087204,6.649681115541339,6.635826551148287,2.5576197283416433,1.4129899423872312,0.5,6.654293857781889
RWA_2021_5,6.677772220543251,-2.1205440215837905,6.661143593814606,6.648115033371722,2.5576197283416433,1.4129899423872312,0.5,6.662943626957487
RWA_2021_6,6.682758291139374,-2.2202510149382952,6.67243829816825,6.658797140874617,2.5576197283416433,1.4129899423872312,0.5,6.670777716006995
RWA_2021_7,6.687719624127968,-2.174959998061878,6.683002690211213,6.6696397996005095,2.5576197283416433,1.4129899423872312,0.5,6.678679711864239
RWA_2021_8,6.692656463761238,-1.795687575205592,6.6908186294956895,6.67978597755733,2.5576197283416433,1.4129899423872312,0.5,6.686221220659284
RWA_2021_9,6.697569050691632,-1.9403535738491147,6.700684438468156,6.6887629628655985,2.5576197283416433,1.4129899423872312,0.5,6.693166006778615
RWA_2021_10,6.702457622042237,-1.8485107876749174,6.70903565554051,6.697678459329814,2.5576197283416433,1.4129899423872312,0.5,6.700068040686025
RWA_2021_11,6.707322411475462,-1.944400446174815,6.718400426692086,6.706454087224331,2.5576197283416433,1.4129899423872312,0.5,6.7068882493498965
RWA_2021_12,6.712163649260045,-2.149220687097117,6.727423364883327,6.714218615846319,2.5576197283416433,1.4129899423872312,0.5,6.713191132553182
TZA_2013_1,6.730888741963386,-0.707661013913011,6.8524772439780275,6.848129395407568,2.5576197283416433,1.4129899423872312,0.5,6.7895090686854775
TZA_2013_2,6.740559219886018,-0.707661013913011,6.853861899091108,6.849514050520649,2.5576197283416433,1.4129899423872312,0.5,6.795036635203333
TZA_2013_3,6.750137074660593,-0.981733699936221,6.855994711122017,6.849962967985234,2.5576197283416433,1.4129899423872312,0.5,6.800050021322914
TZA_2013_4,6.759624063743446,-0.9857445649109191,6.860544372408503,6.854487986634632,2.5576197283416433,1.4129899423872312,0.5,6.8070560251890395
TZA_2013_5,6.769021895040958,-2.1503509057883243,6.864714739779001,6.851503046711413,2.5576197283416433,1.4129899423872312,0.5,6.810262470876186
TZA_2013_6,6.778332228754926,-2.10272129611243,6.868345709381357,6.855426651242456,2.5576197283416433,1.4129899423872312,0.5,6.816879439998691
TZA_2013_7,6.787556679142798,-1.5113095457624404,6.873828462836487,6.864543021192994,2.5576197283416433,1.4129899423872312,0.5,6.826049850167896
TZA_2013_8,6.796696816197484,-1.1421939936865848,6.8743796383910825,6.867362031902946,2.5576197283416433,1.4129899423872312,0.5,6.832029424050215
TZA_2013_9,6.805754167251067,-1.6533222534642795,6.876814283638549,6.866656320072795,2.5576197283416433,1.4129899423872312,0.5,6.836205243661931
TZA_2013_10,6.814730218506555,-1.1672540568753385,6.877184937770533,6.870013362987169,2.5576197283416433,1.4129899423872312,0.5,6.842371790746862
TZA_2013_11,6.823626416501488,-0.9244536075992549,6.880665067799321,6.874985251874419,2.5576197283416433,1.4129899423872312,0.5,6.849305834187954
TZA_2013_12,6.832444169507019,-2.5262081482047662,6.885479819586758,6.869958870615554,2.5576197283416433,1.4129899423872312,0.5,6.851201520061286
TZA_2014_1,6.837447418103025,-1.0805958296715958,6.88626381091037,6.879624661740201,2.5576197283416433,1.4129899423872312,0.5,6.8585360399216135
TZA_2014_2,6.8424257587713715,-1.6654683405875608,6.887136253580676,6.876903664810909,2.5576197283416433,1.4129899423872312,0.5,6.85966471179114
TZA_2014_3,6.847379438284857,-0.7649649671442736,6.887763951053991,6.883064028671014,2.5576197283416433,1.4129899423872312,0.5,6.865221733477936
TZA_2014_4,6.852308699767036,-0.8292506980883374,6.890007396406966,6.884912504373421,2.5576197283416433,1.4129899423872312,0.5,6.868610602070229
TZA_2014_5,6.857213782763815,-2.451227015372289,6.893709655359842,6.87864938827557,2.5576197283416433,1.4129899423872312,0.5,6.867931585519693
TZA_2014_6,6.86209492331331,-2.665078692427374,6.89651273913816,6.880138573605205,2.5576197283416433,1.4129899423872312,0.5,6.871116748459258
TZA_2014_7,6.866952354014,-2.9374636345365928,6.897171328284805,6.879123637634766,2.5576197283416433,1.4129899423872312,0.5,6.873037995824383
TZA_2014_8,6.871786304091233,-1.1064359121226277,6.895659516095514,6.888861606214586,2.5576197283416433,1.4129899423872312,0.5,6.88032395515291
TZA_2014_9,6.8765969994621425,-1.2843282157466882,6.897073744495197,6.889182869504137,2.5576197283416433,1.4129899423872312,0.5,6.88288993448314
TZA_2014_10,6.881384662798993,-2.2276628370522684,6.899155526930417,6.88546883161851,2.5576197283416433,1.4129899423872312,0.5,6.883426747208752
TZA_2014_11,6.886149513591034,-1.6440031988018824,6.902411579119041,6.892310871552551,2.5576197283416433,1.4129899423872312,0.5,6.889230192571793
TZA_2014_12,6.890891768204873,-1.2778702829257342,6.901607108833185,6.893755911192484,2.5576197283416433,1.4129899423872312,0.5,6.892323839698678
TZA_2015_1,6.883955190011027,-1.01045007500269,6.893344320744465,6.887136145039224,2.5576197283416433,1.4129899423872312,0.5,6.885545667525125
TZA_2015_2,6.876970159410599,-0.37638985996212615,6.885392286760186,6.883079758469949,2.5576197283416433,1.4129899423872312,0.5,6.8800249589402735
TZA_2015_3,6.869935994753615,-0.7745797898248374,6.878935028289715,6.874176032717422,2.5576197283416433,1.4129899423872312,0.5,6.872056013735518
TZA_2015_4,6.862851999903508,-3.761341570443754,6.875412499693284,6.852302927103389,2.5576197283416433,1.4129899423872312,0.5,6.857577463503448
TZA_2015_5,6.855717463823686,-3.511741361138263,6.869838102724625,6.8482620665199185,2.5576197283416433,1.4129899423872312,0.5,6.851989765171803
TZA_2015_6,6.848531660149257,-3.312163064273592,6.862719524589972,6.842369691603555,2.5576197283416433,1.4129899423872312,0.5,6.845450675876406
TZA_2015_7,6.841293846743246,-2.204617339510746,6.854856064584971,6.841310960135881,2.5576197283416433,1.4129899423872312,0.5,6.841302403439563
TZA_2015_8,6.834003265236629,-1.692014565509371,6.845795030566009,6.835399342566797,2.5576197283416433,1.4129899423872312,0.5,6.8347013039017135
TZA_2015_9,6.826659140551497,-0.6273208145964593,6.83691225381906,6.833058013083258,2.5576197283416433,1.4129899423872312,0.5,6.829858576817378
TZA_2015_10,6.819260680406556,-0.6655819794677096,6.828062548143447,6.823973231929812,2.5576197283416433,1.4129899423872312,0.5,6.821616956168183
TZA_2015_11,6.8118070748042125,-1.71264674919596,6.820302907584201,6.809780456051909,2.5576197283416433,1.4129899423872312,0.5,6.810793765428061
TZA_2015_12,6.804297495498399,-4.7140071059848365,6.813628807496328,6.784666085721452,2.5576197283416433,1.4129899423872312,0.5,6.794481790609925
TZA_2016_1,6.805518398291115,-3.2461501045078665,6.81373636701985,6.793792115727359,2.5576197283416433,1.4129899423872312,0.5,6.799655257009237
TZA_2016_2,6.806737812297679,-2.675407164159217,6.8140897097265505,6.797652086365382,2.5576197283416433,1.4129899423872312,0.5,6.802194949331531
TZA_2016_3,6.807955741144566,-2.314315797137355,6.812705634800801,6.798486546236723,2.5576197283416433,1.4129899423872312,0.5,6.803221143690644
TZA_2016_4,6.809172188445011,-0.9025732425991462,6.8106964999903425,6.805151116388002,2.5576197283416433,1.4129899423872312,0.5,6.807161652416506
TZA_2016_5,6.8103871577990835,-1.4316313920084662,6.811068763427492,6.802272862030084,2.5576197283416433,1.4129899423872312,0.5,6.806330009914584
TZA_2016_6,6.811600652793745,-1.7177588405474375,6.812586000821858,6.80203214074983,2.5576197283416433,1.4129899423872312,0.5,6.806816396771787
TZA_2016_7,6.812812677002914,-2.1201219326638734,6.812668512016217,6.7996425448753115,2.5576197283416433,1.4129899423872312,0.5,6.806227610939112
TZA_2016_8,6.814023233987533,-2.804020385730422,6.81124319310095,6.794015373868373,2.5576197283416433,1.4129899423872312,0.5,6.804019303927953
TZA_2016_9,6.8152323272956234,-1.4667471829545866,6.808666013945691,6.799654362155845,2.5576197283416433,1.4129899423872312,0.5,6.807443344725734
TZA_2016_10,6.816439960462357,-1.3998545346275058,6.80650912029355,6.797908454978421,2.5576197283416433,1.4129899423872312,0.5,6.807174207720388
TZA_2016_11,6.817646137010108,-2.268500641884915,6.807145215558758,6.793207613968462,2.5576197283416433,1.4129899423872312,0.5,6.805426875489285
TZA_2016_12,6.818850860448526,-5.671387277452374,6.806733600237673,6.771888762692587,2.5576197283416433,1.4129899423872312,0.5,6.7953698115705565
TZA_2017_1,6.821825036151867,-1.3413919405579637,6.808807348483459,6.800565875636267,2.5576197283416433,1.4129899423872312,0.5,6.811195455894067
TZA_2017_2,6.824790392358344,-0.5690290975481288,6.813090117898571,6.809594019767286,2.5576197283416433,1.4129899423872312,0.5,6.817192206062815
TZA_2017_3,6.827746981219288,-0.06851200006434238,6.817274029786268,6.816853094061843,2.5576197283416433,1.4129899423872312,0.5,6.822300037640566
TZA_2017_4,6.830694854424817,-0.0624833019346224,6.822796808562234,6.822412912982779,2.5576197283416433,1.4129899423872312,0.5,6.826553883703799
TZA_2017_5,6.833634063209271,-0.5638298669616422,6.829033366986606,6.825569212775968,2.5576197283416433,1.4129899423872312,0.5,6.829601637992619
TZA_2017_6,6.83656465835654,-1.137292103068248,6.835975954081894,6.828988464666336,2.5576197283416433,1.4129899423872312,0.5,6.832776561511438
TZA_2017_7,6.8394866902053435,-0.918587146525351,6.8407411371042945,6.8350973645446365,2.5576197283416433,1.4129899423872312,0.5,6.83729202737499
TZA_2017_8,6.842400208654405,-1.1290587276377815,6.844834929989685,6.837898026191947,2.5576197283416433,1.4129899423872312,0.5,6.840149117423176
TZA_2017_9,6.845305263167578,-0.35577603054654944,6.848699231638973,6.846513354113712,2.5576197283416433,1.4129899423872312,0.5,6.845909308640645
TZA_2017_10,6.848201902778875,-0.24293885363294118,6.852096284074758,6.850603674863978,2.5576197283416433,1.4129899423872312,0.5,6.849402788821426
TZA_2017_11,6.851090176097435,-0.4651511522140036,6.858229378726379,6.8553715036528065,2.5576197283416433,1.4129899423872312,0.5,6.8532308398751205
TZA_2017_12,6.8539701313124235,-0.4712656184522532,6.863465720478186,6.860570278302894,2.5576197283416433,1.4129899423872312,0.5,6.857270204807659
TZA_2018_1,6.856925432574992,-0.9992159597623065,6.868985493327146,6.862846339697345,2.5576197283416433,1.4129899423872312,0.5,6.859885886136169
TZA_2018_2,6.859872025760679,-0.9082072873084519,6.873999963463834,6.868419964455594,2.5576197283416433,1.4129899423872312,0.5,6.864145995108137
TZA_2018_3,6.862809962037109,-0.08041030915245483,6.876972037641896,6.876477999054458,2.5576197283416433,1.4129899423872312,0.5,6.869643980545783
TZA_2018_4,6.865739292122243,-0.483666970572231,6.882644248117756,6.879672612397776,2.5576197283416433,1.4129899423872312,0.5,6.872705952260009
TZA_2018_5,6.868660066289637,-0.5007429161579426,6.8875748333896745,6.884498283559486,2.5576197283416433,1.4129899423872312,0.5,6.8765791749245615
TZA_2018_6,6.871572334373614,-1.0381846519306264,6.893553471939923,6.887174895805272,2.5576197283416433,1.4129899423872312,0.5,6.879373615089443
TZA_2018_7,6.874476145774366,-0.901068038638456,6.897627454602722,6.892091318929488,2.5576197283416433,1.4129899423872312,0.5,6.883283732351927
TZA_2018_8,6.877371549462987,-0.5825165259586104,6.900644962907728,6.897065998410795,2.5576197283416433,1.4129899423872312,0.5,6.887218773936891
TZA_2018_9,6.880258593986423,-0.6039581684337911,6.9043816996664,6.900670998345266,2.5576197283416433,1.4129899423872312,0.5,6.890464796165844
TZA_2018_10,6.883137327472357,-0.3602042539892151,6.907175327793221,6.904962243392654,2.5576197283416433,1.4129899423872312,0.5,6.894049785432506
TZA_2018_11,6.886007797634027,-0.5449681913613751,6.910908823854935,6.907560555227483,2.5576197283416433,1.4129899423872312,0.5,6.896784176430755
TZA_2018_12,6.888870051774965,-0.7779854616644283,6.9149459748491315,6.910166054928672,2.5576197283416433,1.4129899423872312,0.5,6.899518053351818
TZA_2019_1,6.8922463192367935,-1.8220073213275167,6.91666323311664,6.905468873427958,2.5576197283416433,1.4129899423872312,0.5,6.898857596332376
TZA_2019_2,6.895611225863112,-1.0147776587341444,6.916210262881558,6.9099754986284525,2.5576197283416433,1.4129899423872312,0.5,6.902793362245783
TZA_2019_3,6.89896484785396,-0.8925338721389932,6.915419807014547,6.909936105010662,2.5576197283416433,1.4129899423872312,0.5,6.904450476432311
TZA_2019_4,6.902307260645298,-0.6446591392556961,6.915978134436646,6.9120173675412815,2.5576197283416433,1.4129899423872312,0.5,6.90716231409329
TZA_2019_5,6.905638538919189,-0.7593674647101417,6.916744496490355,6.912078964998607,2.5576197283416433,1.4129899423872312,0.5,6.908858751958898
TZA_2019_6,6.908958756613816,-1.1604842144387977,6.918375897930457,6.911245916861007,2.5576197283416433,1.4129899423872312,0.5,6.9101023367374115
TZA_2019_7,6.91226798693332,-1.310795170685333,6.918637373309992,6.9105838861219455,2.5576197283416433,1.4129899423872312,0.5,6.911425936527633
TZA_2019_8,6.915566302357491,-0.875251488703306,6.918416702141929,6.913039182596365,2.5576197283416433,1.4129899423872312,0.5,6.914302742476928
TZA_2019_9,6.918853774651291,-0.9644478221759801,6.917697457532032,6.911771918322597,2.5576197283416433,1.4129899423872312,0.5,6.915312846486945
TZA_2019_10,6.922130474874224,-0.5867795039573079,6.916115214427269,6.912510058318205,2.5576197283416433,1.4129899423872312,0.5,6.917320266596214
TZA_2019_11,6.925396473389549,-0.5247982592376685,6.916824625213608,6.913600280059155,2.5576197283416433,1.4129899423872312,0.5,6.919498376724352
TZA_2019_12,6.928651839873352,-1.0726360190313022,6.917565340991395,6.910975096664976,2.5576197283416433,1.4129899423872312,0.5,6.919813468269163
TZA_2020_1,6.927860896929492,-1.4351523087861595,6.913755205918915,6.904937672111812,2.5576197283416433,1.4129899423872312,0.5,6.916399284520653
TZA_2020_2,6.9270693278996625,-0.6115808686151287,6.904409951037706,6.9006524160696205,2.5576197283416433,1.4129899423872312,0.5,6.9138608719846415
TZA_2020_3,6.926277131791895,-0.35193146297731726,6.897737359743056,6.895575103128488,2.5576197283416433,1.4129899423872312,0.5,6.910926117460192
TZA_2020_4,6.925484307611866,-0.22510515424563296,6.891946321830195,6.890563282346816,2.5576197283416433,1.4129899423872312,0.5,6.908023794979341
TZA_2020_5,6.924690854362881,-0.7744830023594363,6.886769847672594,6.882011446759657,2.5576197283416433,1.4129899423872312,0.5,6.903351150561269
TZA_2020_6,6.923896771045876,-0.9492583917669766,6.881278862706912,6.875446646913621,2.5576197283416433,1.4129899423872312,0.5,6.899671708979748
TZA_2020_7,6.923102056659402,-0.4968264619146636,6.874660934133037,6.8716084468831635,2.5576197283416433,1.4129899423872312,0.5,6.897355251771282
TZA_2020_8,6.92230671019962,-0.46700157240544615,6.866988271305921,6.864119027304817,2.5576197283416433,1.4129899423872312,0.5,6.893212868752219
TZA_2020_9,6.921510730660296,-0.4184587382593423,6.859968844695431,6.857397846447447,2.5576197283416433,1.4129899423872312,0.5,6.889454288553871
TZA_2020_10,6.920714117032791,-0.2492391920680234,6.851541117925143,6.850009799619301,2.5576197283416433,1.4129899423872312,0.5,6.885361958326046
TZA_2020_11,6.919916868306052,-0.3010850721103647,6.844155833051918,6.8423059751755835,2.5576197283416433,1.4129899423872312,0.5,6.881111421740817
TZA_2020_12,6.919118983466606,-0.4304090188701827,6.837307283805467,6.834662863382954,2.5576197283416433,1.4129899423872312,0.5,6.87689092342478
TZA_2021_1,6.923677227810867,-0.838540057717448,6.851179819086779,6.846027853499386,2.5576197283416433,1.4129899423872312,0.5,6.884852540655126
TZA_2021_2,6.928214788807727,-0.8734423430751076,6.863570880426614,6.858204476218872,2.5576197283416433,1.4129899423872312,0.5,6.893209632513299
TZA_2021_3,6.932731853313855,-0.2476295199902862,6.874105078099832,6.872583649572153,2.5576197283416433,1.4129899423872312,0.5,6.902657751443003
TZA_2021_4,6.937228605665162,-0.24399254072231338,6.88550121942323,6.8840021363897925,2.5576197283416433,1.4129899423872312,0.5,6.910615371027477
TZA_2021_5,6.941705227721941,-0.3165591188385948,6.896963697696497,6.895018767729679,2.5576197283416433,1.4129899423872312,0.5,6.91836199772581
TZA_2021_6,6.946161898912996,-0.8545429740229208,6.908258402050141,6.903008115013051,2.5576197283416433,1.4129899423872312,0.5,6.9245850069630235
TZA_2021_7,6.950598796278799,-0.5830167872058661,6.918822794093104,6.9152407560057005,2.5576197283416433,1.4129899423872312,0.5,6.932919776142249
TZA_2021_8,6.95501609451369,-0.0019809527245922714,6.9266387333775805,6.926626562461983,2.5576197283416433,1.4129899423872312,0.5,6.940821328487837
TZA_2021_9,6.959413966007146,-0.24770454268347736,6.936504542350047,6.934982652885136,2.5576197283416433,1.4129899423872312,0.5,6.947198309446141
TZA_2021_10,6.963792580884152,-0.2677514796496986,6.944855759422401,6.943210702163141,2.5576197283416433,1.4129899423872312,0.5,6.953501641523646
TZA_2021_11,6.96815210704469,-0.27583682894074285,6.954220530573977,6.952525797165168,2.5576197283416433,1.4129899423872312,0.5,6.960338952104929
TZA_2021_12,6.97249271020237,-0.2877734267139221,6.963243468765218,6.961475397248835,2.5576197283416433,1.4129899423872312,0.5,6.966984053725602
UGA_2013_1,6.6828998848084415,-6.501520405420367,6.703474637126099,6.663529485924099,2.5576197283416433,1.4129899423872312,0.5,6.67321468536627
UGA_2013_2,6.685301813709112,-1.5573153261394008,6.70485929223918,6.695291192426716,2.5576197283416433,1.4129899423872312,0.5,6.6902965030679145
UGA_2013_3,6.687697987168738,-1.479771290068076,6.706992104270089,6.697900432747091,2.5576197283416433,1.4129899423872312,0.5,6.692799209957915
UGA_2013_4,6.690088432703483,-2.030374761851599,6.711541765556575,6.699067202408043,2.5576197283416433,1.4129899423872312,0.5,6.694577817555762
UGA_2013_5,6.692473177632652,-2.5028944253114873,6.715712132927073,6.700334422787401,2.5576197283416433,1.4129899423872312,0.5,6.696403800210026
UGA_2013_6,6.694852249080568,-2.6996601150965427,6.719343102529429,6.702756469747097,2.5576197283416433,1.4129899423872312,0.5,6.698804359413833
UGA_2013_7,6.6972256739784175,-2.2697226196340052,6.724825855984559,6.710880746598715,2.5576197283416433,1.4129899423872312,0.5,6.704053210288566
UGA_2013_8,6.699593479066088,-1.9700253366148428,6.725377031539154,6.713273253494061,2.5576197283416433,1.4129899423872312,0.5,6.706433366280075
UGA_2013_9,6.701955690893967,-3.2236454047961733,6.7278116767866205,6.7080056937108985,2.5576197283416433,1.4129899423872312,0.5,6.704980692302433
UGA_2013_10,6.704312335824733,-2.542384989566221,6.728182330918605,6.712561991907249,2.5576197283416433,1.4129899423872312,0.5,6.708437163865991
UGA_2013_11,6.706663440035123,-3.1799410603285994,6.731662460947393,6.712124996085731,2.5576197283416433,1.4129899423872312,0.5,6.709394218060427
UGA_2013_12,6.709009029517669,-3.865617727470623,6.73647721273483,6.71272697048623,2.5576197283416433,1.4129899423872312,0.5,6.71086800000195
UGA_2014_1,6.71688190267626,-2.1134494441833205,6.737261204058442,6.724276232491591,2.5576197283416433,1.4129899423872312,0.5,6.720579067583925
UGA_2014_2,6.72469327755606,-2.6488536104172087,6.738133646728748,6.721859167625081,2.5576197283416433,1.4129899423872312,0.5,6.72327622259057
UGA_2014_3,6.732444107492128,-1.6084459123506951,6.738761344202063,6.728879099563482,2.5576197283416433,1.4129899423872312,0.5,6.730661603527805
UGA_2014_4,6.740135323822274,-1.635946838603384,6.741004789555038,6.73095358002996,2.5576197283416433,1.4129899423872312,0.5,6.735544451926117
UGA_2014_5,6.747767836558648,-5.12752942491277,6.744707048507914,6.713203657701037,2.5576197283416433,1.4129899423872312,0.5,6.730485747129842
UGA_2014_6,6.755342535033897,-3.0166590731199925,6.747510132286232,6.728975867177996,2.5576197283416433,1.4129899423872312,0.5,6.742159201105947
UGA_2014_7,6.7628602885230285,-2.385989867499547,6.748168721432877,6.733509269476954,2.5576197283416433,1.4129899423872312,0.5,6.748184778999992
UGA_2014_8,6.770321946842078,-2.002249377159703,6.746656909243586,6.734355147635935,2.5576197283416433,1.4129899423872312,0.5,6.752338547239006
UGA_2014_9,6.777728340924597,-3.563630678291522,6.748071137643269,6.726176294991731,2.5576197283416433,1.4129899423872312,0.5,6.751952317958164
UGA_2014_10,6.785080283376962,-3.32109630039556,6.750152920078489,6.729748201550635,2.5576197283416433,1.4129899423872312,0.5,6.757414242463798
UGA_2014_11,6.792378569013408,-2.2081214802696754,6.7534089722671125,6.739842338479695,2.5576197283416433,1.4129899423872312,0.5,6.766110453746552
UGA_2014_12,6.7996239753716825,-1.694447939207773,6.752604501981257,6.742193863405219,2.5576197283416433,1.4129899423872312,0.5,6.77090891938845
UGA_2015_1,6.796524532835009,-1.3567576450799885,6.744341713892537,6.736005834606208,2.5576197283416433,1.4129899423872312,0.5,6.766265183720608
UGA_2015_2,6.793415453879031,-1.5733790248344195,6.736389679908258,6.726722885200873,2.5576197283416433,1.4129899423872312,0.5,6.7600691695399515
UGA_2015_3,6.790296678395994,-1.369622553102223,6.729932421437787,6.721517500532866,2.5576197283416433,1.4129899423872312,0.5,6.75590708946443
UGA_2015_4,6.7871681457139985,-1.9407945553286587,6.726409892841356,6.7144857078614875,2.5576197283416433,1.4129899423872312,0.5,6.750826926787743
UGA_2015_5,6.78402979458991,-3.4119528376689763,6.720835495872697,6.699872557437381,2.5576197283416433,1.4129899423872312,0.5,6.741951176013645
UGA_2015_6,6.780881563202171,-3.3076567897128584,6.713716917738044,6.693394771170719,2.5576197283416433,1.4129899423872312,0.5,6.737138167186445
UGA_2015_7,6.777723389143495,-4.127342354111147,6.705853457733043,6.680495187033786,2.5576197283416433,1.4129899423872312,0.5,6.72910928808864
UGA_2015_8,6.77455520941344,-2.729583712600145,6.696792423714081,6.68002194122395,2.5576197283416433,1.4129899423872312,0.5,6.7272885753186955
UGA_2015_9,6.771376960410868,-2.0588429496366594,6.687909646967132,6.675260176105541,2.5576197283416433,1.4129899423872312,0.5,6.723318568258204
UGA_2015_10,6.7681885779262885,-1.6599521054658255,6.679059941291519,6.6688612441089905,2.5576197283416433,1.4129899423872312,0.5,6.7185249110176395
UGA_2015_11,6.764989997134068,-2.956688131060945,6.671300300732273,6.653134495337904,2.5576197283416433,1.4129899423872312,0.5,6.709062246235986
UGA_2015_12,6.761781152584526,-3.0529820074389615,6.6646262006444,6.645868768490152,2.5576197283416433,1.4129899423872312,0.5,6.7038249605373395
UGA_2016_1,6.7510688265310534,-2.405292084283194,6.6647337601679215,6.6499557159566685,2.5576197283416433,1.4129899423872312,0.5,6.700512271243861
UGA_2016_2,6.740240502822126,-2.0154504810901717,6.665087102874622,6.652704234070555,2.5576197283416433,1.4129899423872312,0.5,6.69647236844634
UGA_2016_3,6.729293641787413,-3.032115030987556,6.6637030279488725,6.645073801887584,2.5576197283416433,1.4129899423872312,0.5,6.687183721837498
UGA_2016_4,6.7182256194266685,-1.7497374507030043,6.661693893138414,6.6509435574209625,2.5576197283416433,1.4129899423872312,0.5,6.6845845884238155
UGA_2016_5,6.7070337236343365,-2.593376400276553,6.6620661565755634,6.646132527828296,2.5576197283416433,1.4129899423872312,0.5,6.676583125731316
UGA_2016_6,6.695715150210482,-3.07018222265823,6.66358339396993,6.644720284196478,2.5576197283416433,1.4129899423872312,0.5,6.67021771720348
UGA_2016_7,6.684266998643364,-5.24833805295398,6.663665905164289,6.631420269680368,2.5576197283416433,1.4129899423872312,0.5,6.657843634161866
UGA_2016_8,6.6726862676478005,-3.1954938668647217,6.6622405862490215,6.6426075653989205,2.5576197283416433,1.4129899423872312,0.5,6.65764691652336
UGA_2016_9,6.660969850442146,-2.5686837720323896,6.659663407093763,6.643881489132172,2.5576197283416433,1.4129899423872312,0.5,6.652425669787158
UGA_2016_10,6.649114529745281,-3.1405761516081405,6.657506513441622,6.638210905427719,2.5576197283416433,1.4129899423872312,0.5,6.6436627175865
UGA_2016_11,6.637116972473475,-3.3711479250888816,6.65814260870683,6.637430374460865,2.5576197283416433,1.4129899423872312,0.5,6.6372736734671705
UGA_2016_12,6.624973724115235,-1.9546095124726333,6.657730993385745,6.64572192971327,2.5576197283416433,1.4129899423872312,0.5,6.635347826914252
UGA_2017_1,6.626354118025035,-1.3542125090834363,6.659804741631531,6.651484499586319,2.5576197283416433,1.4129899423872312,0.5,6.6389193088056775
UGA_2017_2,6.627732609073884,-1.840078447884582,6.664087511046643,6.6527821228849735,2.5576197283416433,1.4129899423872312,0.5,6.640257365979428
UGA_2017_3,6.629109202500716,-1.06755764198903,6.66827142293434,6.661712380007927,2.5576197283416433,1.4129899423872312,0.5,6.645410791254322
UGA_2017_4,6.630483903522859,-0.8719622151100034,6.673794201710306,6.668436891365489,2.5576197283416433,1.4129899423872312,0.5,6.649460397444174
UGA_2017_5,6.631856717336152,-1.5951673061616252,6.680030760134678,6.670230098864125,2.5576197283416433,1.4129899423872312,0.5,6.651043408100138
UGA_2017_6,6.633227649115068,-1.9623526672259786,6.686973347229966,6.674916709841173,2.5576197283416433,1.4129899423872312,0.5,6.654072179478121
UGA_2017_7,6.634596704012823,-1.762894447912914,6.691738530252366,6.680907358328898,2.5576197283416433,1.4129899423872312,0.5,6.65775203117086
UGA_2017_8,6.635963887161501,-2.2113203553561362,6.695832323137757,6.682246035555376,2.5576197283416433,1.4129899423872312,0.5,6.659104961358438
UGA_2017_9,6.637329203672162,-1.4554946799262716,6.699696624787045,6.6907541080466695,2.5576197283416433,1.4129899423872312,0.5,6.664041655859416
UGA_2017_10,6.638692658634962,-1.269948078965193,6.70309367722283,6.695291153371538,2.5576197283416433,1.4129899423872312,0.5,6.6669919060032505
UGA_2017_11,6.640054257119265,-1.44418752012265,6.709226771874451,6.700353725993176,2.5576197283416433,1.4129899423872312,0.5,6.67020399155622
UGA_2017_12,6.641414004173752,-1.421954621380559,6.714463113626258,6.705726666024544,2.5576197283416433,1.4129899423872312,0.5,6.673570335099148
UGA_2018_1,6.6443409857494435,-1.4035818454719007,6.719982886475218,6.711359320671284,2.5576197283416433,1.4129899423872312,0.5,6.677850153210364
UGA_2018_2,6.647259425100842,-1.7701855257295822,6.7249973566119055,6.714121388519595,2.5576197283416433,1.4129899423872312,0.5,6.680690406810218
UGA_2018_3,6.650169371942856,-1.086245907385645,6.727969430789968,6.721295567707588,2.5576197283416433,1.4129899423872312,0.5,6.685732469825222
UGA_2018_4,6.653070875557649,-1.5646858757656759,6.7336416412658275,6.724028257012048,2.5576197283416433,1.4129899423872312,0.5,6.688549566284848
UGA_2018_5,6.655963984799646,-1.6115920954077503,6.738572226537746,6.728670651842489,2.5576197283416433,1.4129899423872312,0.5,6.692317318321067
UGA_2018_6,6.658848748100472,-1.7372227194865606,6.744550865087995,6.733877419513082,2.5576197283416433,1.4129899423872312,0.5,6.6963630838067765
UGA_2018_7,6.661725213473814,-1.599321995115984,6.7486248477507935,6.738798660192829,2.5576197283416433,1.4129899423872312,0.5,6.700261936833321
UGA_2018_8,6.66459342852022,-1.6944755181999462,6.7516423560558,6.74123154803524,2.5576197283416433,1.4129899423872312,0.5,6.702912488277731
UGA_2018_9,6.667453440431821,-1.7869001126236754,6.755379092814472,6.7444004307891845,2.5576197283416433,1.4129899423872312,0.5,6.705926935610503
UGA_2018_10,6.670305295996991,-1.5319992587547389,6.7581727209412925,6.748760162306348,2.5576197283416433,1.4129899423872312,0.5,6.70953272915167
UGA_2018_11,6.673149041604943,-1.2772243897457012,6.761906217003007,6.754058987711112,2.5576197283416433,1.4129899423872312,0.5,6.713604014658028
UGA_2018_12,6.675984723250251,-1.8262062503376773,6.765943367997203,6.754723210211502,2.5576197283416433,1.4129899423872312,0.5,6.715353966730877
UGA_2019_1,6.679132980329455,-2.025348162786793,6.767660626264712,6.755216946393807,2.5576197283416433,1.4129899423872312,0.5,6.7171749633616304
UGA_2019_2,6.682271356984004,-1.6161756486274859,6.76720765602963,6.757277920117459,2.5576197283416433,1.4129899423872312,0.5,6.7197746385507315
UGA_2019_3,6.685399915036963,-1.6084195683494116,6.766417200162619,6.756535117380811,2.5576197283416433,1.4129899423872312,0.5,6.720967516208887
UGA_2019_4,6.688518715732956,-1.6707412073436216,6.766975527584718,6.756710542475832,2.5576197283416433,1.4129899423872312,0.5,6.722614629104394
UGA_2019_5,6.691627819745355,-1.5954529883867747,6.767741889638427,6.7579394731446385,2.5576197283416433,1.4129899423872312,0.5,6.724783646444997
UGA_2019_6,6.694727287183367,-2.1199465758634095,6.769373291078529,6.756348401324676,2.5576197283416433,1.4129899423872312,0.5,6.7255378442540215
UGA_2019_7,6.697817177599006,-2.2734917536974333,6.769634766458064,6.755666499622782,2.5576197283416433,1.4129899423872312,0.5,6.726741838610894
UGA_2019_8,6.7008975499939565,-1.7710017044108206,6.769414095290001,6.758533112619745,2.5576197283416433,1.4129899423872312,0.5,6.729715331306851
UGA_2019_9,6.703968462826333,-1.9738559417604762,6.768694850680104,6.756567537509041,2.5576197283416433,1.4129899423872312,0.5,6.730268000167687
UGA_2019_10,6.707029974017342,-1.5752043690833073,6.767112607575341,6.757434598006283,2.5576197283416433,1.4129899423872312,0.5,6.732232286011812
UGA_2019_11,6.710082140957828,-1.4183959776594102,6.76782201836168,6.759107434962899,2.5576197283416433,1.4129899423872312,0.5,6.734594787960363
UGA_2019_12,6.71312502051474,-1.7590189574663542,6.768562734139467,6.757755373115944,2.5576197283416433,1.4129899423872312,0.5,6.7354401968153415
UGA_2020_1,6.715514252144689,-2.420824946129196,6.764752599066987,6.749879121406886,2.5576197283416433,1.4129899423872312,0.5,6.732696686775787
UGA_2020_2,6.717897788950408,-1.6601804654754913,6.755407344185778,6.745207243966029,2.5576197283416433,1.4129899423872312,0.5,6.731552516458219
UGA_2020_3,6.720275658015015,-1.3764230906085233,6.748734752891128,6.740278049682684,2.5576197283416433,1.4129899423872312,0.5,6.730276853848849
UGA_2020_4,6.722647886228887,-1.4530191652546005,6.742943714978267,6.734016407727626,2.5576197283416433,1.4129899423872312,0.5,6.728332146978257
UGA_2020_5,6.725014500291482,-1.5288405357795696,6.7377672408206655,6.728374089287287,2.5576197283416433,1.4129899423872312,0.5,6.726694294789384
UGA_2020_6,6.727375526713143,-1.7946657179821452,6.732276255854984,6.721249882177517,2.5576197283416433,1.4129899423872312,0.5,6.72431270444533
UGA_2020_7,6.729730991816881,-1.4999367540451243,6.725658327281109,6.716442759737275,2.5576197283416433,1.4129899423872312,0.5,6.723086875777078
UGA_2020_8,6.7320809217401365,-1.5422287232804732,6.717985664453993,6.708510256288212,2.5576197283416433,1.4129899423872312,0.5,6.7202955890141745
UGA_2020_9,6.734425342436515,-1.7227796201221601,6.710966237843503,6.700381530248626,2.5576197283416433,1.4129899423872312,0.5,6.71740343634257
UGA_2020_10,6.736764279677512,-1.2674261938520472,6.7025385110732145,6.694751481610293,2.5576197283416433,1.4129899423872312,0.5,6.715757880643903
UGA_2020_11,6.7390977590542125,-1.313047278167035,6.69515322619999,6.687085902129449,2.5576197283416433,1.4129899423872312,0.5,6.71309183059183
UGA_2020_12,6.741425805978966,-1.1443305188035016,6.688304676953539,6.681273943717578,2.5576197283416433,1.4129899423872312,0.5,6.711349874848272
UGA_2021_1,6.7450727328180955,-1.7664261961273127,6.702177212234851,6.691324341353656,2.5576197283416433,1.4129899423872312,0.5,6.718198537085875
UGA_2021_2,6.748706407895426,-1.5188889822000329,6.714568273574685,6.705236264095419,2.5576197283416433,1.4129899423872312,0.5,6.726971335995422
UGA_2021_3,6.7523269271676885,-0.9882995351266556,6.7251024712479035,6.71903038781176,2.5576197283416433,1.4129899423872312,0.5,6.735678657489724
UGA_2021_4,6.755934385553126,-1.5920978285154832,6.736498612571302,6.726716810081625,2.5576197283416433,1.4129899423872312,0.5,6.741325597817376
UGA_2021_5,6.759528876946434,-1.2909270630376344,6.747961090844569,6.740029672728769,2.5576197283416433,1.4129899423872312,0.5,6.749779274837602
UGA_2021_6,6.763110494233417,-1.7040872309946737,6.759255795198213,6.748785933095384,2.5576197283416433,1.4129899423872312,0.5,6.7559482136644
UGA_2021_7,6.766679329305397,-1.6087287240606314,6.769820187241176,6.7599362050157215,2.5576197283416433,1.4129899423872312,0.5,6.763307767160559
UGA_2021_8,6.770235473073355,-0.8461698083461788,6.777636126525652,6.7724372839735665,2.5576197283416433,1.4129899423872312,0.5,6.771336378523461
UGA_2021_9,6.773779015481828,-1.44403716234405,6.787501935498119,6.778629813410637,2.5576197283416433,1.4129899423872312,0.5,6.776204414446232
UGA_2021_10,6.777310045522558,-1.142234183425002,6.795853152570473,6.78883529915776,2.5576197283416433,1.4129899423872312,0.5,6.783072672340159
UGA_2021_11,6.780828651247908,-1.5030139933536364,6.805217923722049,6.795983449709912,2.5576197283416433,1.4129899423872312,0.5,6.78840605047891
UGA_2021_12,6.784334919784028,-1.2080034603812044,6.81424086191329,6.806818923986703,2.5576197283416433,1.4129899423872312,0.5,6.795576921885365
